Vuosi;Kuukausi;Kuukausi numero;Toimiala;Mustavalkosivu A4 (sivua);Värisivu A4 (sivua);Mustavalkosivu A3 (sivua);Värisivu A3 (sivua);Yhteensä (sivua)
2019;tammikuu;1;Business Oulu -liikelaitos;16296;4563;45;73;20977
2019;tammikuu;1;Haukiputaan Kehitys Oy;830;106;0;0;936
2019;tammikuu;1;Hyvinvointipalvelut;269137;37329;747;316;306954
2019;tammikuu;1;Kiertokaari Oy;2625;1226;35;52;3938
2019;tammikuu;1;Konsernihallinto;21758;6628;83;21;28490
2019;tammikuu;1;Monetra Oulu Oy;55399;6604;46;4;61328
2019;tammikuu;1;Nallikari Seaside Oy;1240;722;0;0;1962
2019;tammikuu;1;Oulu-Koillismaan pelastuslaitos;14660;10331;23;18;25032
2019;tammikuu;1;Oulun Digi -liikelaitos;1982;513;4;0;2499
2019;tammikuu;1;Oulun Energia Oy;11847;6689;170;177;18883
2019;tammikuu;1;Oulun Energia/Sähkönmyynti Oy;1959;3418;14;31;5422
2019;tammikuu;1;Oulun Energia/Siirto ja Jakelu Oy;934;562;17;56;1569
2019;tammikuu;1;Oulun Energia/Urakointi Oy;799;631;51;171;1652
2019;tammikuu;1;Oulun Infra -liikelaitos;6278;4258;94;493;8912
2019;tammikuu;1;Oulun kaupunginteatteri Oy;2406;630;0;10;3046
2019;tammikuu;1;Oulun Palvelusäätiö;1086;18;0;0;1104
2019;tammikuu;1;Oulun Satama Oy;718;1205;0;0;1923
2019;tammikuu;1;Oulun seudun ympäristötoimi -liikelaitos;3001;1024;0;0;4025
2019;tammikuu;1;Oulun Tilapalvelut -liikelaitos;18980;4533;82;224;18547
2019;tammikuu;1;Oulun Tuotantokeittiö Oy;2513;3181;0;9;5703
2019;tammikuu;1;Oulun Vesi -liikelaitos;4555;3987;69;203;8692
2019;tammikuu;1;Rakennusvalvonta;3081;1391;173;60;4705
2019;tammikuu;1;Sivistys- ja kulttuuripalvelut / kulttuuri;34776;22091;1925;705;46856
2019;tammikuu;1;Sivistys- ja kulttuuripalvelut / liikunta;6978;3465;55;89;10161
2019;tammikuu;1;Sivistys- ja kulttuuripalvelut / nuoriso;18158;6957;200;151;12753
2019;tammikuu;1;Sivistys- ja kulttuuripalvelut / opetus;738496;182219;28519;15665;958545
2019;tammikuu;1;Sivistys- ja kulttuuripalvelut / varhaiskasvatus;98670;32896;583;304;117062
2019;tammikuu;1;Työterveys Virta Oy;14786;3420;39;9;18254
2019;tammikuu;1;Yhdyskunta- ja ympäristöpalvelut;28587;14016;486;1284;44373
2020;tammikuu;1;Business Oulu -liikelaitos;19254;7066;116;231;26667
2020;tammikuu;1;Hyvinvointipalvelut;437076;72038;646;425;509257
2020;tammikuu;1;Kiertokaari Oy;2124;1184;18;38;3364
2020;tammikuu;1;Konsernihallinto;23578;11214;111;301;35204
2020;tammikuu;1;Monetra Oulu Oy;15877;2964;5;3;16556
2020;tammikuu;1;Nallikari Seaside Oy;1426;1896;0;0;3322
2020;tammikuu;1;Oulu-Koillismaan pelastuslaitos;21642;14157;61;56;35916
2020;tammikuu;1;Oulun Digi -liikelaitos;2104;1468;1;10;3583
2020;tammikuu;1;Oulun Energia Oy;9007;6648;220;251;16126
2020;tammikuu;1;Oulun Energia/Sähkönmyynti Oy;2275;2312;0;124;4711
2020;tammikuu;1;Oulun Energia/Siirto ja Jakelu Oy;1317;733;45;82;2177
2020;tammikuu;1;Oulun Energia/Urakointi Oy;620;1588;74;305;2587
2020;tammikuu;1;Oulun Infra -liikelaitos;6080;3432;217;595;8097
2020;tammikuu;1;Oulun kaupunginteatteri Oy;1966;2092;34;62;4154
2020;tammikuu;1;Oulun Palvelusäätiö;1277;48;0;0;1325
2020;tammikuu;1;Oulun Satama Oy;700;416;0;0;1116
2020;tammikuu;1;Oulun seudun ympäristötoimi -liikelaitos;3615;882;0;0;4497
2020;tammikuu;1;Oulun Tilapalvelut -liikelaitos;25016;5195;665;231;23281
2020;tammikuu;1;Oulun Tuotantokeittiö Oy;11043;748;21;8;11820
2020;tammikuu;1;Oulun Vesi -liikelaitos;5079;6059;127;219;11114
2020;tammikuu;1;Rakennusvalvonta;4459;3295;321;506;8581
2020;tammikuu;1;Sivistys- ja kulttuuripalvelut / kulttuuri;57096;35321;1238;1181;70143
2020;tammikuu;1;Sivistys- ja kulttuuripalvelut / liikunta;10377;5396;439;142;14704
2020;tammikuu;1;Sivistys- ja kulttuuripalvelut / nuoriso;36336;12598;688;404;24558
2020;tammikuu;1;Sivistys- ja kulttuuripalvelut / opetus;1222501;306793;50767;18088;1585981
2020;tammikuu;1;Sivistys- ja kulttuuripalvelut / varhaiskasvatus;159441;57954;851;768;190599
2020;tammikuu;1;Työterveys Virta Oy;19318;3108;3;0;22429
2020;tammikuu;1;Yhdyskunta- ja ympäristöpalvelut;32716;19840;1040;1593;55189
2021;tammikuu;1;Business Oulu -liikelaitos;7555;2679;6;27;10267
2021;tammikuu;1;Hyvinvointipalvelut;337477;53305;533;223;390488
2021;tammikuu;1;Kiertokaari Oy;1257;836;22;42;2157
2021;tammikuu;1;Konsernihallinto;13675;2395;53;3;16126
2021;tammikuu;1;Monetra Oulu Oy;5280;640;5;0;5141
2021;tammikuu;1;Nallikari Seaside Oy;727;237;0;0;964
2021;tammikuu;1;Oulu-Koillismaan pelastuslaitos;11154;7806;32;10;19002
2021;tammikuu;1;Oulun Digi -liikelaitos;3472;1399;0;0;4871
2021;tammikuu;1;Oulun Energia Oy;4144;4660;301;692;9797
2021;tammikuu;1;Oulun Energia/Siirto ja Jakelu Oy;340;588;31;39;998
2021;tammikuu;1;Oulun Energia/Urakointi Oy;576;1253;21;129;1979
2021;tammikuu;1;Oulun Infra -liikelaitos;2179;2599;97;377;5156
2021;tammikuu;1;Oulun kaupunginteatteri Oy;1724;1049;7;47;2827
2021;tammikuu;1;Oulun Palvelusäätiö;815;39;0;0;854
2021;tammikuu;1;Oulun Satama Oy;625;107;0;0;732
2021;tammikuu;1;Oulun seudun ympäristötoimi -liikelaitos;3112;650;0;0;3762
2021;tammikuu;1;Oulun Tilapalvelut -liikelaitos;6361;2871;75;28;5271
2021;tammikuu;1;Oulun Tuotantokeittiö Oy;22279;5346;6;29;27660
2021;tammikuu;1;Oulun Vesi -liikelaitos;2867;3410;51;113;6374
2021;tammikuu;1;Rakennusvalvonta;1745;660;135;36;2576
2021;tammikuu;1;Sivistys- ja kulttuuripalvelut / kulttuuri;28776;11905;1830;500;26267
2021;tammikuu;1;Sivistys- ja kulttuuripalvelut / liikunta;1820;828;61;89;2222
2021;tammikuu;1;Sivistys- ja kulttuuripalvelut / nuoriso;20386;7069;705;311;11781
2021;tammikuu;1;Sivistys- ja kulttuuripalvelut / opetus;847361;238611;34396;11938;1124180
2021;tammikuu;1;Sivistys- ja kulttuuripalvelut / varhaiskasvatus;121003;52072;1110;759;154577
2021;tammikuu;1;Työterveys Virta Oy;12916;2867;2;32;15817
2021;tammikuu;1;Yhdyskunta- ja ympäristöpalvelut;12204;6886;256;778;20124
2022;tammikuu;1;Business Oulu -liikelaitos;8239;3408;18;28;11693
2022;tammikuu;1;Hyvinvointipalvelut;419288;76376;995;209;495384
2022;tammikuu;1;Kiertokaari Oy;1880;820;6;37;2743
2022;tammikuu;1;Konsernihallinto;8392;2109;0;0;9243
2022;tammikuu;1;Monetra Oulu Oy;7280;14911;2;1;14276
2022;tammikuu;1;Nallikari Seaside Oy;1204;964;0;0;2168
2022;tammikuu;1;Oulu-Koillismaan pelastuslaitos;6903;9511;48;127;16589
2022;tammikuu;1;Oulun Digi -liikelaitos;5684;2291;6;8;2957
2022;tammikuu;1;Oulun Energia Oy;3882;4007;129;212;8230
2022;tammikuu;1;Oulun Infra -liikelaitos;3444;3028;107;488;6143
2022;tammikuu;1;Oulun kaupunginteatteri Oy;1305;1787;6;46;3144
2022;tammikuu;1;Oulun Palvelusäätiö;826;37;0;0;863
2022;tammikuu;1;Oulun Satama Oy;236;72;0;0;308
2022;tammikuu;1;Oulun seudun ympäristötoimi -liikelaitos;4297;868;0;0;5165
2022;tammikuu;1;Oulun Tilapalvelut -liikelaitos;4129;1560;176;110;3269
2022;tammikuu;1;Oulun Tuotantokeittiö Oy;22175;1414;15;79;23683
2022;tammikuu;1;Oulun Vesi -liikelaitos;3358;2797;44;179;6051
2022;tammikuu;1;Rakennusvalvonta;7010;1558;115;155;8838
2022;tammikuu;1;Sivistys- ja kulttuuripalvelut / kulttuuri;38289;20977;661;988;36325
2022;tammikuu;1;Sivistys- ja kulttuuripalvelut / liikunta;3166;2590;223;87;5184
2022;tammikuu;1;Sivistys- ja kulttuuripalvelut / nuoriso;26800;10783;433;321;13662
2022;tammikuu;1;Sivistys- ja kulttuuripalvelut / opetus;873986;298684;37995;13746;1206992
2022;tammikuu;1;Sivistys- ja kulttuuripalvelut / varhaiskasvatus;140608;85791;867;1578;196591
2022;tammikuu;1;Yhdyskunta- ja ympäristöpalvelut;15943;8137;474;517;25071
2019;helmikuu;2;Business Oulu -liikelaitos;15084;6206;96;166;21552
2019;helmikuu;2;Haukiputaan Kehitys Oy;341;317;6;4;668
2019;helmikuu;2;Hyvinvointipalvelut;325558;56597;686;2499;384527
2019;helmikuu;2;Kiertokaari Oy;2839;954;57;52;3902
2019;helmikuu;2;Konsernihallinto;24039;9855;37;179;34110
2019;helmikuu;2;Monetra Oulu Oy;69284;19629;182;21;82517
2019;helmikuu;2;Nallikari Seaside Oy;1726;895;0;0;2621
2019;helmikuu;2;Oulu-Koillismaan pelastuslaitos;17937;15376;48;21;33382
2019;helmikuu;2;Oulun Digi -liikelaitos;1898;1308;14;5;3225
2019;helmikuu;2;Oulun Energia Oy;8399;7952;116;331;16798
2019;helmikuu;2;Oulun Energia/Sähkönmyynti Oy;2128;3889;3;35;6055
2019;helmikuu;2;Oulun Energia/Siirto ja Jakelu Oy;1146;772;17;60;1995
2019;helmikuu;2;Oulun Energia/Urakointi Oy;696;632;49;174;1551
2019;helmikuu;2;Oulun Infra -liikelaitos;6528;4693;156;580;9586
2019;helmikuu;2;Oulun kaupunginteatteri Oy;2587;1409;48;50;4094
2019;helmikuu;2;Oulun Palvelusäätiö;1507;33;0;0;1540
2019;helmikuu;2;Oulun Satama Oy;1275;827;0;0;2102
2019;helmikuu;2;Oulun seudun ympäristötoimi -liikelaitos;3364;877;0;0;4241
2019;helmikuu;2;Oulun Tilapalvelut -liikelaitos;22267;5359;152;116;21455
2019;helmikuu;2;Oulun Tuotantokeittiö Oy;2901;4863;17;15;7796
2019;helmikuu;2;Oulun Vesi -liikelaitos;5546;5283;123;205;10967
2019;helmikuu;2;Rakennusvalvonta;5335;1890;558;317;8100
2019;helmikuu;2;Sivistys- ja kulttuuripalvelut / kulttuuri;53376;43258;3358;1200;81661
2019;helmikuu;2;Sivistys- ja kulttuuripalvelut / liikunta;8094;4246;85;127;11653
2019;helmikuu;2;Sivistys- ja kulttuuripalvelut / nuoriso;27479;8994;310;365;17319
2019;helmikuu;2;Sivistys- ja kulttuuripalvelut / opetus;1327704;297698;59680;15959;1684072
2019;helmikuu;2;Sivistys- ja kulttuuripalvelut / varhaiskasvatus;154420;54637;949;911;185180
2019;helmikuu;2;Työterveys Virta Oy;19972;3935;25;0;23932
2019;helmikuu;2;Yhdyskunta- ja ympäristöpalvelut;31819;18996;843;1654;53312
2020;helmikuu;2;Business Oulu -liikelaitos;16942;6601;60;160;23763
2020;helmikuu;2;Hyvinvointipalvelut;383034;63326;883;2398;448873
2020;helmikuu;2;Kiertokaari Oy;2264;815;8;77;3164
2020;helmikuu;2;Konsernihallinto;23557;11574;89;374;35594
2020;helmikuu;2;Monetra Oulu Oy;13166;10861;0;2;18007
2020;helmikuu;2;Nallikari Seaside Oy;1580;1764;0;0;3344
2020;helmikuu;2;Oulu-Koillismaan pelastuslaitos;16799;12876;66;147;29888
2020;helmikuu;2;Oulun Digi -liikelaitos;1509;394;47;5;1955
2020;helmikuu;2;Oulun Energia Oy;12131;7539;248;372;20290
2020;helmikuu;2;Oulun Energia/Sähkönmyynti Oy;2153;2363;95;93;4704
2020;helmikuu;2;Oulun Energia/Siirto ja Jakelu Oy;1246;1111;49;139;2545
2020;helmikuu;2;Oulun Energia/Urakointi Oy;1793;2399;22;212;4426
2020;helmikuu;2;Oulun Infra -liikelaitos;4863;3530;302;539;7552
2020;helmikuu;2;Oulun kaupunginteatteri Oy;1990;1637;17;230;3874
2020;helmikuu;2;Oulun Palvelusäätiö;1118;38;0;0;1156
2020;helmikuu;2;Oulun Satama Oy;894;446;0;0;1340
2020;helmikuu;2;Oulun seudun ympäristötoimi -liikelaitos;3427;628;0;0;4055
2020;helmikuu;2;Oulun Tilapalvelut -liikelaitos;19314;4149;455;99;17782
2020;helmikuu;2;Oulun Tuotantokeittiö Oy;10485;361;8;2;10856
2020;helmikuu;2;Oulun Vesi -liikelaitos;4553;4827;167;183;9540
2020;helmikuu;2;Rakennusvalvonta;3847;2615;309;448;7219
2020;helmikuu;2;Sivistys- ja kulttuuripalvelut / kulttuuri;52730;29856;2233;1246;63965
2020;helmikuu;2;Sivistys- ja kulttuuripalvelut / liikunta;7204;3853;150;191;10010
2020;helmikuu;2;Sivistys- ja kulttuuripalvelut / nuoriso;33196;10904;501;210;22085
2020;helmikuu;2;Sivistys- ja kulttuuripalvelut / opetus;1314706;365659;58015;18824;1742774
2020;helmikuu;2;Sivistys- ja kulttuuripalvelut / varhaiskasvatus;146457;53469;776;599;176268
2020;helmikuu;2;Työterveys Virta Oy;17223;4036;6;17;21282
2020;helmikuu;2;Yhdyskunta- ja ympäristöpalvelut;31223;18269;885;1320;51697
2021;helmikuu;2;Business Oulu -liikelaitos;10543;2889;41;4;13477
2021;helmikuu;2;Hyvinvointipalvelut;402011;65756;663;153;467531
2021;helmikuu;2;Kiertokaari Oy;1555;689;8;19;2271
2021;helmikuu;2;Konsernihallinto;24637;2553;3;1;27194
2021;helmikuu;2;Monetra Oulu Oy;5288;634;5;0;5274
2021;helmikuu;2;Nallikari Seaside Oy;1143;720;0;0;1863
2021;helmikuu;2;Oulu-Koillismaan pelastuslaitos;12022;8844;123;68;21057
2021;helmikuu;2;Oulun Digi -liikelaitos;3857;1483;3;0;5343
2021;helmikuu;2;Oulun Energia Oy;4836;2958;303;553;8650
2021;helmikuu;2;Oulun Energia/Siirto ja Jakelu Oy;376;422;9;67;874
2021;helmikuu;2;Oulun Energia/Urakointi Oy;847;839;30;125;1841
2021;helmikuu;2;Oulun Infra -liikelaitos;4211;4015;79;477;7792
2021;helmikuu;2;Oulun kaupunginteatteri Oy;3481;1263;25;37;4806
2021;helmikuu;2;Oulun Palvelusäätiö;791;37;0;0;828
2021;helmikuu;2;Oulun Satama Oy;883;103;0;0;986
2021;helmikuu;2;Oulun seudun ympäristötoimi -liikelaitos;3803;864;0;0;4667
2021;helmikuu;2;Oulun Tilapalvelut -liikelaitos;7942;2833;223;24;5537
2021;helmikuu;2;Oulun Tuotantokeittiö Oy;24957;6222;5;11;31195
2021;helmikuu;2;Oulun Vesi -liikelaitos;3386;3463;79;137;6898
2021;helmikuu;2;Rakennusvalvonta;2288;833;225;49;3395
2021;helmikuu;2;Sivistys- ja kulttuuripalvelut / kulttuuri;30359;14808;1907;677;31069
2021;helmikuu;2;Sivistys- ja kulttuuripalvelut / liikunta;2535;1175;83;129;3045
2021;helmikuu;2;Sivistys- ja kulttuuripalvelut / nuoriso;21928;7953;461;440;13927
2021;helmikuu;2;Sivistys- ja kulttuuripalvelut / opetus;1142152;345632;56296;22533;1557641
2021;helmikuu;2;Sivistys- ja kulttuuripalvelut / varhaiskasvatus;138462;69902;969;1681;189344
2021;helmikuu;2;Työterveys Virta Oy;15830;2141;2;9;17982
2021;helmikuu;2;Yhdyskunta- ja ympäristöpalvelut;15254;7728;304;473;23759
2022;helmikuu;2;Business Oulu -liikelaitos;8501;3847;15;16;12379
2022;helmikuu;2;Hyvinvointipalvelut;373031;70843;1102;298;443794
2022;helmikuu;2;Kiertokaari Oy;1482;819;9;20;2330
2022;helmikuu;2;Konsernihallinto;12251;2538;0;0;12622
2022;helmikuu;2;Monetra Oulu Oy;6104;545;3;0;5568
2022;helmikuu;2;Nallikari Seaside Oy;1374;1170;0;0;2544
2022;helmikuu;2;Oulu-Koillismaan pelastuslaitos;8892;9635;57;141;18725
2022;helmikuu;2;Oulun Digi -liikelaitos;9965;1691;0;3;2991
2022;helmikuu;2;Oulun Energia Oy;6114;3397;97;231;9839
2022;helmikuu;2;Oulun Infra -liikelaitos;3725;3475;147;468;7041
2022;helmikuu;2;Oulun kaupunginteatteri Oy;1778;1311;19;33;3141
2022;helmikuu;2;Oulun Palvelusäätiö;786;4;0;0;790
2022;helmikuu;2;Oulun Satama Oy;232;204;0;0;436
2022;helmikuu;2;Oulun seudun ympäristötoimi -liikelaitos;4064;987;0;0;5051
2022;helmikuu;2;Oulun Tilapalvelut -liikelaitos;4197;1651;129;70;3029
2022;helmikuu;2;Oulun Tuotantokeittiö Oy;24334;2168;6;28;26536
2022;helmikuu;2;Oulun Vesi -liikelaitos;3413;3118;43;82;6305
2022;helmikuu;2;Rakennusvalvonta;6434;999;233;94;7760
2022;helmikuu;2;Sivistys- ja kulttuuripalvelut / kulttuuri;46920;20105;556;821;38122
2022;helmikuu;2;Sivistys- ja kulttuuripalvelut / liikunta;3940;2801;114;116;5862
2022;helmikuu;2;Sivistys- ja kulttuuripalvelut / nuoriso;32714;11862;451;196;14929
2022;helmikuu;2;Sivistys- ja kulttuuripalvelut / opetus;1097096;355925;55562;25528;1521531
2022;helmikuu;2;Sivistys- ja kulttuuripalvelut / varhaiskasvatus;142386;78533;1042;1176;183578
2022;helmikuu;2;Yhdyskunta- ja ympäristöpalvelut;15889;9475;202;356;25922
2019;maaliskuu;3;Business Oulu -liikelaitos;15214;5105;116;254;20689
2019;maaliskuu;3;Haukiputaan Kehitys Oy;413;193;4;3;613
2019;maaliskuu;3;Hyvinvointipalvelut;343599;52176;794;281;396049
2019;maaliskuu;3;Kiertokaari Oy;3067;1486;138;127;4818
2019;maaliskuu;3;Konsernihallinto;27402;11684;8;279;39373
2019;maaliskuu;3;Monetra Oulu Oy;63651;8460;58;44;70323
2019;maaliskuu;3;Nallikari Seaside Oy;1529;781;0;0;2310
2019;maaliskuu;3;Oulu-Koillismaan pelastuslaitos;15762;13207;21;33;29023
2019;maaliskuu;3;Oulun Digi -liikelaitos;1905;688;6;5;2604
2019;maaliskuu;3;Oulun Energia Oy;8549;8146;235;344;17274
2019;maaliskuu;3;Oulun Energia/Sähkönmyynti Oy;2868;3355;4;19;6246
2019;maaliskuu;3;Oulun Energia/Siirto ja Jakelu Oy;906;735;17;65;1723
2019;maaliskuu;3;Oulun Energia/Urakointi Oy;457;595;5;114;1171
2019;maaliskuu;3;Oulun Infra -liikelaitos;5773;4886;134;494;9847
2019;maaliskuu;3;Oulun kaupunginteatteri Oy;2094;1314;18;70;3496
2019;maaliskuu;3;Oulun Palvelusäätiö;1453;33;0;0;1486
2019;maaliskuu;3;Oulun Satama Oy;1214;730;0;0;1944
2019;maaliskuu;3;Oulun seudun ympäristötoimi -liikelaitos;3590;994;0;0;4584
2019;maaliskuu;3;Oulun Tilapalvelut -liikelaitos;26075;6109;222;176;27318
2019;maaliskuu;3;Oulun Tuotantokeittiö Oy;3603;4825;12;7;8447
2019;maaliskuu;3;Oulun Vesi -liikelaitos;5306;4513;70;132;9725
2019;maaliskuu;3;Rakennusvalvonta;5401;5487;279;2705;13872
2019;maaliskuu;3;Sivistys- ja kulttuuripalvelut / kulttuuri;50406;28847;1379;1395;62190
2019;maaliskuu;3;Sivistys- ja kulttuuripalvelut / liikunta;7356;3494;208;216;10411
2019;maaliskuu;3;Sivistys- ja kulttuuripalvelut / nuoriso;22647;10809;423;771;14549
2019;maaliskuu;3;Sivistys- ja kulttuuripalvelut / opetus;1069403;239358;47137;12017;1357151
2019;maaliskuu;3;Sivistys- ja kulttuuripalvelut / varhaiskasvatus;130893;52615;875;1229;161611
2019;maaliskuu;3;Työterveys Virta Oy;19671;4070;19;16;23776
2019;maaliskuu;3;Yhdyskunta- ja ympäristöpalvelut;32280;21422;999;1623;56324
2020;maaliskuu;3;Business Oulu -liikelaitos;10720;3501;14;22;14257
2020;maaliskuu;3;Hyvinvointipalvelut;381958;51031;1051;441;433729
2020;maaliskuu;3;Kiertokaari Oy;2670;1088;54;141;3953
2020;maaliskuu;3;Konsernihallinto;17021;7151;115;68;24355
2020;maaliskuu;3;Monetra Oulu Oy;12171;1309;16;10;11814
2020;maaliskuu;3;Nallikari Seaside Oy;1210;762;0;0;1972
2020;maaliskuu;3;Oulu-Koillismaan pelastuslaitos;14697;11921;36;12;26666
2020;maaliskuu;3;Oulun Digi -liikelaitos;1210;738;0;0;1948
2020;maaliskuu;3;Oulun Energia Oy;6210;5473;181;265;12129
2020;maaliskuu;3;Oulun Energia/Sähkönmyynti Oy;1699;2232;20;36;3987
2020;maaliskuu;3;Oulun Energia/Siirto ja Jakelu Oy;731;731;12;47;1521
2020;maaliskuu;3;Oulun Energia/Urakointi Oy;539;937;17;104;1597
2020;maaliskuu;3;Oulun Infra -liikelaitos;4112;3479;92;508;7099
2020;maaliskuu;3;Oulun kaupunginteatteri Oy;2208;1375;10;53;3646
2020;maaliskuu;3;Oulun Palvelusäätiö;1663;21;0;0;1684
2020;maaliskuu;3;Oulun Satama Oy;546;252;0;0;798
2020;maaliskuu;3;Oulun seudun ympäristötoimi -liikelaitos;2986;849;0;0;3835
2020;maaliskuu;3;Oulun Tilapalvelut -liikelaitos;15946;2247;62;60;14630
2020;maaliskuu;3;Oulun Tuotantokeittiö Oy;10899;833;31;21;11784
2020;maaliskuu;3;Oulun Vesi -liikelaitos;4294;3467;73;129;7716
2020;maaliskuu;3;Rakennusvalvonta;3540;1700;175;153;5568
2020;maaliskuu;3;Sivistys- ja kulttuuripalvelut / kulttuuri;26796;15789;787;764;34060
2020;maaliskuu;3;Sivistys- ja kulttuuripalvelut / liikunta;3666;1834;36;104;5395
2020;maaliskuu;3;Sivistys- ja kulttuuripalvelut / nuoriso;16322;5860;320;500;12942
2020;maaliskuu;3;Sivistys- ja kulttuuripalvelut / opetus;602563;175397;27164;9436;808475
2020;maaliskuu;3;Sivistys- ja kulttuuripalvelut / varhaiskasvatus;116409;55264;663;939;162499
2020;maaliskuu;3;Työterveys Virta Oy;14916;3098;2;13;18029
2020;maaliskuu;3;Yhdyskunta- ja ympäristöpalvelut;18345;12502;574;978;32399
2021;maaliskuu;3;Business Oulu -liikelaitos;13726;4177;47;136;18086
2021;maaliskuu;3;Hyvinvointipalvelut;401081;69314;611;309;470442
2021;maaliskuu;3;Kiertokaari Oy;1959;1312;36;231;3538
2021;maaliskuu;3;Konsernihallinto;19944;7687;10;56;27697
2021;maaliskuu;3;Monetra Oulu Oy;5841;3933;0;4;7336
2021;maaliskuu;3;Nallikari Seaside Oy;1592;1035;0;0;2627
2021;maaliskuu;3;Oulu-Koillismaan pelastuslaitos;14365;9204;55;62;23686
2021;maaliskuu;3;Oulun Digi -liikelaitos;3882;1136;60;4;5082
2021;maaliskuu;3;Oulun Energia Oy;7167;6645;399;927;15138
2021;maaliskuu;3;Oulun Energia/Siirto ja Jakelu Oy;297;863;40;81;1281
2021;maaliskuu;3;Oulun Infra -liikelaitos;4762;3909;125;516;7928
2021;maaliskuu;3;Oulun kaupunginteatteri Oy;1731;1199;12;38;2980
2021;maaliskuu;3;Oulun Palvelusäätiö;959;98;0;0;1057
2021;maaliskuu;3;Oulun Satama Oy;260;48;0;0;308
2021;maaliskuu;3;Oulun seudun ympäristötoimi -liikelaitos;4577;587;0;0;5164
2021;maaliskuu;3;Oulun Tilapalvelut -liikelaitos;8462;3263;95;45;6165
2021;maaliskuu;3;Oulun Tuotantokeittiö Oy;28391;6494;18;30;34933
2021;maaliskuu;3;Oulun Vesi -liikelaitos;2878;6050;77;161;9096
2021;maaliskuu;3;Rakennusvalvonta;3032;756;366;274;4428
2021;maaliskuu;3;Sivistys- ja kulttuuripalvelut / kulttuuri;31341;14084;4480;636;37338
2021;maaliskuu;3;Sivistys- ja kulttuuripalvelut / liikunta;2325;1358;92;86;2893
2021;maaliskuu;3;Sivistys- ja kulttuuripalvelut / nuoriso;21346;6563;576;374;15343
2021;maaliskuu;3;Sivistys- ja kulttuuripalvelut / opetus;1072632;324868;65823;32401;1486346
2021;maaliskuu;3;Sivistys- ja kulttuuripalvelut / varhaiskasvatus;136088;68453;985;996;188676
2021;maaliskuu;3;Työterveys Virta Oy;20722;4927;1;0;25650
2021;maaliskuu;3;Yhdyskunta- ja ympäristöpalvelut;14737;8401;422;525;24085
2022;maaliskuu;3;Business Oulu -liikelaitos;11677;5820;5;40;17542
2022;maaliskuu;3;Hyvinvointipalvelut;388823;79601;700;425;468757
2022;maaliskuu;3;Kiertokaari Oy;1856;1063;5;24;2948
2022;maaliskuu;3;Konsernihallinto;12196;1701;0;0;11859
2022;maaliskuu;3;Monetra Oulu Oy;7765;723;0;2;7215
2022;maaliskuu;3;Nallikari Seaside Oy;1715;1494;0;0;3209
2022;maaliskuu;3;Oulu-Koillismaan pelastuslaitos;8058;9892;56;86;18092
2022;maaliskuu;3;Oulun Digi -liikelaitos;9838;3899;1;8;5596
2022;maaliskuu;3;Oulun Energia Oy;7563;10076;226;690;18555
2022;maaliskuu;3;Oulun Infra -liikelaitos;3193;3558;61;523;6630
2022;maaliskuu;3;Oulun kaupunginteatteri Oy;1336;1466;19;29;2850
2022;maaliskuu;3;Oulun Palvelusäätiö;802;34;0;0;836
2022;maaliskuu;3;Oulun Satama Oy;198;207;0;0;405
2022;maaliskuu;3;Oulun seudun ympäristötoimi -liikelaitos;4707;1239;0;0;5946
2022;maaliskuu;3;Oulun Tilapalvelut -liikelaitos;4117;2397;134;80;3474
2022;maaliskuu;3;Oulun Tuotantokeittiö Oy;27620;1779;23;38;29460
2022;maaliskuu;3;Oulun Vesi -liikelaitos;2932;3469;67;194;6268
2022;maaliskuu;3;Rakennusvalvonta;3625;660;342;96;4723
2022;maaliskuu;3;Sivistys- ja kulttuuripalvelut / kulttuuri;44429;21673;785;1068;43778
2022;maaliskuu;3;Sivistys- ja kulttuuripalvelut / liikunta;5092;4144;67;115;8146
2022;maaliskuu;3;Sivistys- ja kulttuuripalvelut / nuoriso;27794;9594;193;268;13362
2022;maaliskuu;3;Sivistys- ja kulttuuripalvelut / opetus;934084;297463;49144;18471;1288741
2022;maaliskuu;3;Sivistys- ja kulttuuripalvelut / varhaiskasvatus;133718;70893;825;1038;174826
2022;maaliskuu;3;Yhdyskunta- ja ympäristöpalvelut;19186;10450;459;547;30642
2019;huhtikuu;4;Business Oulu -liikelaitos;17396;6129;240;41;23806
2019;huhtikuu;4;Haukiputaan Kehitys Oy;559;114;10;0;683
2019;huhtikuu;4;Hyvinvointipalvelut;334869;53170;650;435;388445
2019;huhtikuu;4;Kiertokaari Oy;3107;1338;65;143;4653
2019;huhtikuu;4;Konsernihallinto;27559;12147;43;32;39781
2019;huhtikuu;4;Monetra Oulu Oy;59763;6730;169;21;65096
2019;huhtikuu;4;Nallikari Seaside Oy;1553;700;0;0;2253
2019;huhtikuu;4;Oulu-Koillismaan pelastuslaitos;15739;12127;18;12;27896
2019;huhtikuu;4;Oulun Digi -liikelaitos;1615;413;6;8;2042
2019;huhtikuu;4;Oulun Energia Oy;9305;8878;203;306;18692
2019;huhtikuu;4;Oulun Energia/Sähkönmyynti Oy;2226;4384;6;71;6687
2019;huhtikuu;4;Oulun Energia/Siirto ja Jakelu Oy;999;1017;65;114;2195
2019;huhtikuu;4;Oulun Energia/Urakointi Oy;1565;1450;20;255;3290
2019;huhtikuu;4;Oulun Infra -liikelaitos;6255;6006;372;884;11643
2019;huhtikuu;4;Oulun kaupunginteatteri Oy;3033;1474;30;94;4631
2019;huhtikuu;4;Oulun Palvelusäätiö;1424;63;0;0;1487
2019;huhtikuu;4;Oulun Satama Oy;1030;647;0;0;1677
2019;huhtikuu;4;Oulun seudun ympäristötoimi -liikelaitos;3494;1100;0;0;4594
2019;huhtikuu;4;Oulun Tilapalvelut -liikelaitos;33824;9365;296;181;37105
2019;huhtikuu;4;Oulun Tuotantokeittiö Oy;3580;5746;0;13;9339
2019;huhtikuu;4;Oulun Vesi -liikelaitos;5143;5350;86;250;10737
2019;huhtikuu;4;Rakennusvalvonta;5615;6874;266;2829;15584
2019;huhtikuu;4;Sivistys- ja kulttuuripalvelut / kulttuuri;60550;30568;2870;1613;70995
2019;huhtikuu;4;Sivistys- ja kulttuuripalvelut / liikunta;8147;5038;318;192;12110
2019;huhtikuu;4;Sivistys- ja kulttuuripalvelut / nuoriso;32794;10641;479;439;19018
2019;huhtikuu;4;Sivistys- ja kulttuuripalvelut / opetus;1323162;311173;72437;17541;1711355
2019;huhtikuu;4;Sivistys- ja kulttuuripalvelut / varhaiskasvatus;153961;54623;831;826;179547
2019;huhtikuu;4;Työterveys Virta Oy;17329;3529;51;0;20909
2019;huhtikuu;4;Yhdyskunta- ja ympäristöpalvelut;35985;27111;1270;1886;66252
2020;huhtikuu;4;Business Oulu -liikelaitos;4660;2394;2;0;7056
2020;huhtikuu;4;Hyvinvointipalvelut;338241;43524;743;247;382379
2020;huhtikuu;4;Kiertokaari Oy;2262;350;40;44;2696
2020;huhtikuu;4;Konsernihallinto;11801;3700;18;5;15524
2020;huhtikuu;4;Monetra Oulu Oy;9168;504;2;9;8771
2020;huhtikuu;4;Nallikari Seaside Oy;814;432;0;0;1246
2020;huhtikuu;4;Oulu-Koillismaan pelastuslaitos;13541;10118;17;11;23687
2020;huhtikuu;4;Oulun Digi -liikelaitos;344;70;0;8;422
2020;huhtikuu;4;Oulun Energia Oy;4098;6517;94;269;10978
2020;huhtikuu;4;Oulun Energia/Sähkönmyynti Oy;595;625;2;4;1226
2020;huhtikuu;4;Oulun Energia/Siirto ja Jakelu Oy;675;733;2;23;1433
2020;huhtikuu;4;Oulun Energia/Urakointi Oy;922;1083;76;183;2264
2020;huhtikuu;4;Oulun Infra -liikelaitos;4586;3897;175;530;7726
2020;huhtikuu;4;Oulun kaupunginteatteri Oy;1006;739;0;40;1785
2020;huhtikuu;4;Oulun Palvelusäätiö;1538;20;0;0;1558
2020;huhtikuu;4;Oulun Satama Oy;124;97;0;0;221
2020;huhtikuu;4;Oulun seudun ympäristötoimi -liikelaitos;2975;642;0;0;3617
2020;huhtikuu;4;Oulun Tilapalvelut -liikelaitos;16253;4505;218;178;17226
2020;huhtikuu;4;Oulun Tuotantokeittiö Oy;12176;2026;29;20;14251
2020;huhtikuu;4;Oulun Vesi -liikelaitos;2631;2819;38;107;5555
2020;huhtikuu;4;Rakennusvalvonta;4116;1308;80;210;5714
2020;huhtikuu;4;Sivistys- ja kulttuuripalvelut / kulttuuri;7628;5023;636;112;8538
2020;huhtikuu;4;Sivistys- ja kulttuuripalvelut / liikunta;557;446;15;50;1040
2020;huhtikuu;4;Sivistys- ja kulttuuripalvelut / nuoriso;7106;4024;777;63;7188
2020;huhtikuu;4;Sivistys- ja kulttuuripalvelut / opetus;199560;81337;3678;3210;284066
2020;huhtikuu;4;Sivistys- ja kulttuuripalvelut / varhaiskasvatus;91780;56346;923;588;142276
2020;huhtikuu;4;Työterveys Virta Oy;11442;1610;23;6;13081
2020;huhtikuu;4;Yhdyskunta- ja ympäristöpalvelut;9897;5446;279;522;16144
2021;huhtikuu;4;Business Oulu -liikelaitos;9494;2589;10;15;12108
2021;huhtikuu;4;Hyvinvointipalvelut;371270;61820;589;328;432925
2021;huhtikuu;4;Kiertokaari Oy;1656;473;18;17;2164
2021;huhtikuu;4;Konsernihallinto;9775;3002;14;8;10987
2021;huhtikuu;4;Monetra Oulu Oy;4250;134;8;0;4392
2021;huhtikuu;4;Nallikari Seaside Oy;1364;511;0;0;1875
2021;huhtikuu;4;Oulu-Koillismaan pelastuslaitos;12072;7413;47;31;19563
2021;huhtikuu;4;Oulun Digi -liikelaitos;5628;1436;1;3;4350
2021;huhtikuu;4;Oulun Energia Oy;5667;4737;559;447;11410
2021;huhtikuu;4;Oulun Infra -liikelaitos;4833;5369;96;683;9789
2021;huhtikuu;4;Oulun kaupunginteatteri Oy;1484;1564;3;27;3078
2021;huhtikuu;4;Oulun Palvelusäätiö;1005;41;0;0;1046
2021;huhtikuu;4;Oulun Satama Oy;84;28;0;0;112
2021;huhtikuu;4;Oulun seudun ympäristötoimi -liikelaitos;4515;831;0;0;5346
2021;huhtikuu;4;Oulun Tilapalvelut -liikelaitos;8080;4760;93;103;6607
2021;huhtikuu;4;Oulun Tuotantokeittiö Oy;26534;5757;14;16;32321
2021;huhtikuu;4;Oulun Vesi -liikelaitos;3779;5373;127;191;9305
2021;huhtikuu;4;Rakennusvalvonta;2383;584;288;191;3446
2021;huhtikuu;4;Sivistys- ja kulttuuripalvelut / kulttuuri;32989;13734;2062;546;35309
2021;huhtikuu;4;Sivistys- ja kulttuuripalvelut / liikunta;2664;1593;80;146;3262
2021;huhtikuu;4;Sivistys- ja kulttuuripalvelut / nuoriso;21680;7897;449;371;15854
2021;huhtikuu;4;Sivistys- ja kulttuuripalvelut / opetus;1209350;379600;75748;32188;1688829
2021;huhtikuu;4;Sivistys- ja kulttuuripalvelut / varhaiskasvatus;125958;70640;881;875;178318
2021;huhtikuu;4;Työterveys Virta Oy;1431;29;0;0;1460
2021;huhtikuu;4;Yhdyskunta- ja ympäristöpalvelut;14196;7617;515;701;23029
2022;huhtikuu;4;Business Oulu -liikelaitos;9203;7668;92;56;17019
2022;huhtikuu;4;Hyvinvointipalvelut;333182;73398;900;323;406741
2022;huhtikuu;4;Kiertokaari Oy;2031;978;64;29;3102
2022;huhtikuu;4;Konsernihallinto;7637;2193;0;0;8259
2022;huhtikuu;4;Monetra Oulu Oy;6410;732;3;0;5929
2022;huhtikuu;4;Nallikari Seaside Oy;1627;1436;0;0;3063
2022;huhtikuu;4;Oulu-Koillismaan pelastuslaitos;7368;9839;67;629;17903
2022;huhtikuu;4;Oulun Digi -liikelaitos;6544;2897;2;8;3167
2022;huhtikuu;4;Oulun Energia Oy;8268;6899;159;295;15621
2022;huhtikuu;4;Oulun Infra -liikelaitos;3125;4037;73;703;7366
2022;huhtikuu;4;Oulun kaupunginteatteri Oy;2286;1008;6;46;3346
2022;huhtikuu;4;Oulun kulttuurisäätiö sr;448;101;0;0;549
2022;huhtikuu;4;Oulun Palvelusäätiö;748;11;0;0;759
2022;huhtikuu;4;Oulun Satama Oy;411;176;0;0;587
2022;huhtikuu;4;Oulun seudun ympäristötoimi -liikelaitos;5080;996;0;0;6076
2022;huhtikuu;4;Oulun Tilapalvelut -liikelaitos;3965;2032;87;163;3618
2022;huhtikuu;4;Oulun Tuotantokeittiö Oy;25210;1848;2;37;27097
2022;huhtikuu;4;Oulun Vesi -liikelaitos;2089;2965;36;127;4835
2022;huhtikuu;4;Rakennusvalvonta;3066;1132;161;70;4429
2022;huhtikuu;4;Sivistys- ja kulttuuripalvelut / kulttuuri;43976;17942;687;1497;41690
2022;huhtikuu;4;Sivistys- ja kulttuuripalvelut / liikunta;4326;3327;84;245;6626
2022;huhtikuu;4;Sivistys- ja kulttuuripalvelut / nuoriso;25554;8010;427;506;11965
2022;huhtikuu;4;Sivistys- ja kulttuuripalvelut / opetus;900022;321354;47733;25747;1283932
2022;huhtikuu;4;Sivistys- ja kulttuuripalvelut / varhaiskasvatus;125700;61753;1114;1235;156604
2022;huhtikuu;4;Yhdyskunta- ja ympäristöpalvelut;14528;10850;374;381;26133
2019;toukokuu;5;Business Oulu -liikelaitos;19434;7501;107;152;27194
2019;toukokuu;5;Haukiputaan Kehitys Oy;411;135;6;6;558
2019;toukokuu;5;Hyvinvointipalvelut;357736;52355;769;913;410622
2019;toukokuu;5;Kiertokaari Oy;3563;981;28;55;4627
2019;toukokuu;5;Konsernihallinto;27163;9713;69;84;37029
2019;toukokuu;5;Monetra Oulu Oy;60161;8084;63;16;66596
2019;toukokuu;5;Nallikari Seaside Oy;2000;1103;0;0;3103
2019;toukokuu;5;Oulu-Koillismaan pelastuslaitos;18327;13147;52;18;31544
2019;toukokuu;5;Oulun Digi -liikelaitos;2263;480;18;6;2767
2019;toukokuu;5;Oulun Energia Oy;10022;10036;300;546;20904
2019;toukokuu;5;Oulun Energia/Sähkönmyynti Oy;3250;3687;153;311;7401
2019;toukokuu;5;Oulun Energia/Siirto ja Jakelu Oy;1543;1059;22;124;2748
2019;toukokuu;5;Oulun Energia/Urakointi Oy;1031;1354;14;442;2841
2019;toukokuu;5;Oulun Infra -liikelaitos;8980;8823;192;1064;16067
2019;toukokuu;5;Oulun kaupunginteatteri Oy;2075;2100;9;138;4322
2019;toukokuu;5;Oulun Palvelusäätiö;1213;55;0;0;1268
2019;toukokuu;5;Oulun Satama Oy;1027;788;0;0;1815
2019;toukokuu;5;Oulun seudun ympäristötoimi -liikelaitos;3606;1154;0;0;4760
2019;toukokuu;5;Oulun Tilapalvelut -liikelaitos;26923;6715;85;187;24830
2019;toukokuu;5;Oulun Tuotantokeittiö Oy;3673;5051;4;25;8753
2019;toukokuu;5;Oulun Vesi -liikelaitos;6601;7603;80;264;14433
2019;toukokuu;5;Rakennusvalvonta;6662;2539;418;210;9829
2019;toukokuu;5;Sivistys- ja kulttuuripalvelut / kulttuuri;52785;32574;1402;1282;71728
2019;toukokuu;5;Sivistys- ja kulttuuripalvelut / liikunta;12958;4220;102;271;15153
2019;toukokuu;5;Sivistys- ja kulttuuripalvelut / nuoriso;25805;8245;227;288;16717
2019;toukokuu;5;Sivistys- ja kulttuuripalvelut / opetus;1077554;327576;42559;13846;1451979
2019;toukokuu;5;Sivistys- ja kulttuuripalvelut / varhaiskasvatus;142388;59177;828;826;182195
2019;toukokuu;5;Työterveys Virta Oy;19321;4079;29;5;23434
2019;toukokuu;5;Yhdyskunta- ja ympäristöpalvelut;32180;20381;1105;1799;55465
2020;toukokuu;5;Business Oulu -liikelaitos;5756;1849;31;61;7697
2020;toukokuu;5;Hyvinvointipalvelut;323617;40341;1515;222;365185
2020;toukokuu;5;Kiertokaari Oy;3341;755;13;22;4131
2020;toukokuu;5;Konsernihallinto;14823;4968;44;67;19902
2020;toukokuu;5;Monetra Oulu Oy;9239;355;2;9;9119
2020;toukokuu;5;Nallikari Seaside Oy;1507;699;0;0;2206
2020;toukokuu;5;Oulu-Koillismaan pelastuslaitos;14959;10177;24;37;25197
2020;toukokuu;5;Oulun Digi -liikelaitos;2148;1565;25;25;3763
2020;toukokuu;5;Oulun Energia Oy;6065;5317;229;473;12084
2020;toukokuu;5;Oulun Energia/Sähkönmyynti Oy;373;939;9;11;1332
2020;toukokuu;5;Oulun Energia/Siirto ja Jakelu Oy;698;815;23;61;1597
2020;toukokuu;5;Oulun Energia/Urakointi Oy;1904;4165;34;382;6485
2020;toukokuu;5;Oulun Infra -liikelaitos;3930;4218;133;831;8340
2020;toukokuu;5;Oulun kaupunginteatteri Oy;1112;892;7;26;2037
2020;toukokuu;5;Oulun Palvelusäätiö;1466;62;0;0;1528
2020;toukokuu;5;Oulun Satama Oy;373;166;0;0;539
2020;toukokuu;5;Oulun seudun ympäristötoimi -liikelaitos;4261;806;0;0;5067
2020;toukokuu;5;Oulun Tilapalvelut -liikelaitos;15937;5220;186;188;17628
2020;toukokuu;5;Oulun Tuotantokeittiö Oy;6903;4968;42;37;11950
2020;toukokuu;5;Oulun Vesi -liikelaitos;2398;2972;90;176;5362
2020;toukokuu;5;Rakennusvalvonta;3374;596;98;44;4112
2020;toukokuu;5;Sivistys- ja kulttuuripalvelut / kulttuuri;9631;10104;1047;476;13509
2020;toukokuu;5;Sivistys- ja kulttuuripalvelut / liikunta;816;1188;2;136;1586
2020;toukokuu;5;Sivistys- ja kulttuuripalvelut / nuoriso;9502;5292;69;181;7021
2020;toukokuu;5;Sivistys- ja kulttuuripalvelut / opetus;531887;188160;13283;13315;742024
2020;toukokuu;5;Sivistys- ja kulttuuripalvelut / varhaiskasvatus;99397;52595;460;707;142204
2020;toukokuu;5;Työterveys Virta Oy;11725;1898;0;2;13625
2020;toukokuu;5;Yhdyskunta- ja ympäristöpalvelut;12805;6906;392;1048;21151
2021;toukokuu;5;Business Oulu -liikelaitos;10216;4363;19;68;14666
2021;toukokuu;5;Hyvinvointipalvelut;395478;61900;843;372;457684
2021;toukokuu;5;Kiertokaari Oy;2806;703;5;33;3547
2021;toukokuu;5;Konsernihallinto;9058;4266;0;17;11472
2021;toukokuu;5;Monetra Oulu Oy;5729;776;3;2;5520
2021;toukokuu;5;Nallikari Seaside Oy;1760;1110;0;0;2870
2021;toukokuu;5;Oulu-Koillismaan pelastuslaitos;14421;10182;122;35;24760
2021;toukokuu;5;Oulun Digi -liikelaitos;8031;4079;6;4;4642
2021;toukokuu;5;Oulun Energia Oy;6390;6860;109;581;13940
2021;toukokuu;5;Oulun Infra -liikelaitos;5354;6199;145;793;11128
2021;toukokuu;5;Oulun kaupunginteatteri Oy;874;712;4;27;1617
2021;toukokuu;5;Oulun Palvelusäätiö;657;167;0;0;824
2021;toukokuu;5;Oulun Satama Oy;50;138;0;0;188
2021;toukokuu;5;Oulun seudun ympäristötoimi -liikelaitos;4894;859;0;0;5753
2021;toukokuu;5;Oulun Tilapalvelut -liikelaitos;8739;3904;74;67;7256
2021;toukokuu;5;Oulun Tuotantokeittiö Oy;26857;6573;0;16;33446
2021;toukokuu;5;Oulun Vesi -liikelaitos;3754;4106;63;238;7821
2021;toukokuu;5;Rakennusvalvonta;4362;1235;302;134;6033
2021;toukokuu;5;Sivistys- ja kulttuuripalvelut / kulttuuri;36612;20340;1638;1045;46246
2021;toukokuu;5;Sivistys- ja kulttuuripalvelut / liikunta;2730;1699;46;127;3970
2021;toukokuu;5;Sivistys- ja kulttuuripalvelut / nuoriso;19121;7376;293;265;13657
2021;toukokuu;5;Sivistys- ja kulttuuripalvelut / opetus;956968;342153;45388;19590;1356378
2021;toukokuu;5;Sivistys- ja kulttuuripalvelut / varhaiskasvatus;123390;76248;742;773;183351
2021;toukokuu;5;Työterveys Virta Oy;140;0;0;0;140
2021;toukokuu;5;Yhdyskunta- ja ympäristöpalvelut;19196;11936;460;1096;32688
2022;toukokuu;5;Business Oulu -liikelaitos;15530;7178;23;36;22767
2022;toukokuu;5;Hyvinvointipalvelut;394919;77157;664;268;472186
2022;toukokuu;5;Kiertokaari Oy;2151;1463;6;49;3669
2022;toukokuu;5;Konsernihallinto;12415;3247;0;0;13301
2022;toukokuu;5;Monetra Oulu Oy;7118;1744;0;0;7581
2022;toukokuu;5;Nallikari Seaside Oy;1866;2281;0;0;4147
2022;toukokuu;5;Oulu-Koillismaan pelastuslaitos;7879;9813;109;47;17848
2022;toukokuu;5;Oulun Digi -liikelaitos;10475;4938;13;0;5982
2022;toukokuu;5;Oulun Energia Oy;5957;4857;171;485;11470
2022;toukokuu;5;Oulun Infra -liikelaitos;4830;4761;112;568;9376
2022;toukokuu;5;Oulun kaupunginteatteri Oy;3976;2200;58;177;6411
2022;toukokuu;5;Oulun kulttuurisäätiö sr;394;248;0;0;642
2022;toukokuu;5;Oulun Palvelusäätiö;1133;39;0;0;1172
2022;toukokuu;5;Oulun Satama Oy;378;68;0;0;446
2022;toukokuu;5;Oulun seudun ympäristötoimi -liikelaitos;4313;801;0;0;5114
2022;toukokuu;5;Oulun Tilapalvelut -liikelaitos;4182;1627;167;56;4020
2022;toukokuu;5;Oulun Tuotantokeittiö Oy;24984;1560;20;115;26679
2022;toukokuu;5;Oulun Vesi -liikelaitos;2579;4226;75;488;6947
2022;toukokuu;5;Rakennusvalvonta;5049;877;366;191;6483
2022;toukokuu;5;Sivistys- ja kulttuuripalvelut / kulttuuri;40883;22689;557;1058;47618
2022;toukokuu;5;Sivistys- ja kulttuuripalvelut / liikunta;3319;2566;34;72;5480
2022;toukokuu;5;Sivistys- ja kulttuuripalvelut / nuoriso;20370;9697;114;412;13199
2022;toukokuu;5;Sivistys- ja kulttuuripalvelut / opetus;710523;282762;27390;20196;1032385
2022;toukokuu;5;Sivistys- ja kulttuuripalvelut / varhaiskasvatus;110637;72105;1179;1053;160891
2022;toukokuu;5;Yhdyskunta- ja ympäristöpalvelut;18700;13495;280;478;32953
2019;kesäkuu;6;Business Oulu -liikelaitos;16788;8700;108;150;25746
2019;kesäkuu;6;Haukiputaan Kehitys Oy;193;201;1;0;395
2019;kesäkuu;6;Hyvinvointipalvelut;318776;37085;1767;296;357811
2019;kesäkuu;6;Kiertokaari Oy;2907;1555;17;106;4585
2019;kesäkuu;6;Konsernihallinto;29401;7359;24;144;36928
2019;kesäkuu;6;Monetra Oulu Oy;53169;8300;68;7;58977
2019;kesäkuu;6;Nallikari Seaside Oy;3452;2629;0;0;6081
2019;kesäkuu;6;Oulu-Koillismaan pelastuslaitos;11680;11445;16;79;23220
2019;kesäkuu;6;Oulun Digi -liikelaitos;1657;1002;3;1;2663
2019;kesäkuu;6;Oulun Energia Oy;8449;8394;118;495;17456
2019;kesäkuu;6;Oulun Energia/Sähkönmyynti Oy;2200;2888;43;62;5193
2019;kesäkuu;6;Oulun Energia/Siirto ja Jakelu Oy;902;615;34;156;1707
2019;kesäkuu;6;Oulun Energia/Urakointi Oy;744;2417;50;370;3581
2019;kesäkuu;6;Oulun Infra -liikelaitos;6130;5273;202;578;10126
2019;kesäkuu;6;Oulun kaupunginteatteri Oy;644;314;24;13;995
2019;kesäkuu;6;Oulun Palvelusäätiö;1141;25;0;0;1166
2019;kesäkuu;6;Oulun Satama Oy;776;359;0;0;1135
2019;kesäkuu;6;Oulun seudun ympäristötoimi -liikelaitos;3345;1130;0;0;4475
2019;kesäkuu;6;Oulun Tilapalvelut -liikelaitos;15345;3186;57;29;13677
2019;kesäkuu;6;Oulun Tuotantokeittiö Oy;3540;3247;3;5;6795
2019;kesäkuu;6;Oulun Vesi -liikelaitos;3944;5007;53;275;9123
2019;kesäkuu;6;Rakennusvalvonta;5667;2165;310;463;8605
2019;kesäkuu;6;Sivistys- ja kulttuuripalvelut / kulttuuri;31160;21941;487;492;50789
2019;kesäkuu;6;Sivistys- ja kulttuuripalvelut / liikunta;6226;2401;51;75;8527
2019;kesäkuu;6;Sivistys- ja kulttuuripalvelut / nuoriso;8287;3772;13;21;8693
2019;kesäkuu;6;Sivistys- ja kulttuuripalvelut / opetus;129115;56219;3382;1755;186357
2019;kesäkuu;6;Sivistys- ja kulttuuripalvelut / varhaiskasvatus;97060;40646;346;332;134453
2019;kesäkuu;6;Työterveys Virta Oy;15244;2741;5;3;17993
2019;kesäkuu;6;Yhdyskunta- ja ympäristöpalvelut;31343;17259;700;1666;50968
2020;kesäkuu;6;Business Oulu -liikelaitos;6300;3203;4;58;9565
2020;kesäkuu;6;Hyvinvointipalvelut;364358;45340;1636;386;411377
2020;kesäkuu;6;Kiertokaari Oy;2896;728;14;26;3664
2020;kesäkuu;6;Konsernihallinto;15454;6322;24;73;21873
2020;kesäkuu;6;Monetra Oulu Oy;8337;531;3;1;8129
2020;kesäkuu;6;Nallikari Seaside Oy;3587;2795;0;0;6382
2020;kesäkuu;6;Oulu-Koillismaan pelastuslaitos;17211;14047;61;322;31641
2020;kesäkuu;6;Oulun Digi -liikelaitos;939;26;0;0;965
2020;kesäkuu;6;Oulun Energia Oy;5291;6817;421;520;13049
2020;kesäkuu;6;Oulun Energia/Sähkönmyynti Oy;292;628;7;24;951
2020;kesäkuu;6;Oulun Energia/Siirto ja Jakelu Oy;615;911;21;99;1646
2020;kesäkuu;6;Oulun Energia/Urakointi Oy;877;1275;17;316;2485
2020;kesäkuu;6;Oulun Infra -liikelaitos;5606;6046;127;784;11251
2020;kesäkuu;6;Oulun kaupunginteatteri Oy;329;276;13;28;646
2020;kesäkuu;6;Oulun Palvelusäätiö;1676;102;0;0;1778
2020;kesäkuu;6;Oulun Satama Oy;283;81;0;0;364
2020;kesäkuu;6;Oulun seudun ympäristötoimi -liikelaitos;4138;890;0;0;5028
2020;kesäkuu;6;Oulun Tilapalvelut -liikelaitos;7844;1877;94;108;5741
2020;kesäkuu;6;Oulun Tuotantokeittiö Oy;14111;11864;10;64;26049
2020;kesäkuu;6;Oulun Vesi -liikelaitos;2687;4183;118;199;7096
2020;kesäkuu;6;Rakennusvalvonta;4014;580;101;117;4812
2020;kesäkuu;6;Sivistys- ja kulttuuripalvelut / kulttuuri;16090;11352;879;500;26704
2020;kesäkuu;6;Sivistys- ja kulttuuripalvelut / liikunta;2358;1935;14;155;4056
2020;kesäkuu;6;Sivistys- ja kulttuuripalvelut / nuoriso;5469;2368;28;93;5569
2020;kesäkuu;6;Sivistys- ja kulttuuripalvelut / opetus;119589;56994;4685;15148;195068
2020;kesäkuu;6;Sivistys- ja kulttuuripalvelut / varhaiskasvatus;67350;29444;180;257;95365
2020;kesäkuu;6;Työterveys Virta Oy;9137;1446;0;0;10583
2020;kesäkuu;6;Yhdyskunta- ja ympäristöpalvelut;16869;8203;362;1219;26653
2021;kesäkuu;6;Business Oulu -liikelaitos;8827;3880;25;48;12780
2021;kesäkuu;6;Hyvinvointipalvelut;385953;72898;447;1197;459997
2021;kesäkuu;6;Kiertokaari Oy;2220;521;37;51;2829
2021;kesäkuu;6;Konsernihallinto;3189;1416;0;44;4640
2021;kesäkuu;6;Monetra Oulu Oy;11097;704;4;0;10359
2021;kesäkuu;6;Nallikari Seaside Oy;4275;1914;0;0;6189
2021;kesäkuu;6;Oulu-Koillismaan pelastuslaitos;12521;8746;75;84;21426
2021;kesäkuu;6;Oulun Digi -liikelaitos;867;427;2;6;1268
2021;kesäkuu;6;Oulun Energia Oy;6362;5025;170;528;12085
2021;kesäkuu;6;Oulun Infra -liikelaitos;4328;4288;52;652;8462
2021;kesäkuu;6;Oulun kaupunginteatteri Oy;105;117;5;7;234
2021;kesäkuu;6;Oulun Palvelusäätiö;824;111;0;0;935
2021;kesäkuu;6;Oulun Satama Oy;260;76;0;0;336
2021;kesäkuu;6;Oulun seudun ympäristötoimi -liikelaitos;5126;905;0;0;6031
2021;kesäkuu;6;Oulun Tilapalvelut -liikelaitos;7252;3361;102;29;5128
2021;kesäkuu;6;Oulun Tuotantokeittiö Oy;23033;6841;12;36;29922
2021;kesäkuu;6;Oulun Vesi -liikelaitos;4505;5121;61;200;9655
2021;kesäkuu;6;Rakennusvalvonta;4134;844;297;159;5434
2021;kesäkuu;6;Sivistys- ja kulttuuripalvelut / kulttuuri;24018;14957;1805;690;35671
2021;kesäkuu;6;Sivistys- ja kulttuuripalvelut / liikunta;4562;2436;45;136;5354
2021;kesäkuu;6;Sivistys- ja kulttuuripalvelut / nuoriso;9032;5823;148;144;8568
2021;kesäkuu;6;Sivistys- ja kulttuuripalvelut / opetus;191564;109419;12487;8088;317242
2021;kesäkuu;6;Sivistys- ja kulttuuripalvelut / varhaiskasvatus;94940;49447;346;570;139231
2021;kesäkuu;6;Yhdyskunta- ja ympäristöpalvelut;17445;9787;419;528;28179
2022;kesäkuu;6;Business Oulu -liikelaitos;9773;9070;54;44;18941
2022;kesäkuu;6;Hyvinvointipalvelut;347204;58622;1044;249;406822
2022;kesäkuu;6;Kiertokaari Oy;2509;1407;6;24;3946
2022;kesäkuu;6;Konsernihallinto;7636;2791;0;0;8670
2022;kesäkuu;6;Monetra Oulu Oy;8933;1016;11;5;9088
2022;kesäkuu;6;Nallikari Seaside Oy;3641;4926;0;0;8567
2022;kesäkuu;6;Oulu-Koillismaan pelastuslaitos;8899;9382;86;421;18788
2022;kesäkuu;6;Oulun Digi -liikelaitos;7226;3421;12;1;3633
2022;kesäkuu;6;Oulun Infra -liikelaitos;4275;4735;74;572;8627
2022;kesäkuu;6;Oulun kaupunginteatteri Oy;990;636;22;32;1680
2022;kesäkuu;6;Oulun kulttuurisäätiö sr;432;169;0;0;601
2022;kesäkuu;6;Oulun Palvelusäätiö;543;29;0;0;572
2022;kesäkuu;6;Oulun Satama Oy;423;86;0;0;509
2022;kesäkuu;6;Oulun seudun ympäristötoimi -liikelaitos;2902;0;0;0;2902
2022;kesäkuu;6;Oulun Tilapalvelut -liikelaitos;3443;1752;135;289;3166
2022;kesäkuu;6;Oulun Tuotantokeittiö Oy;25601;1830;9;25;27465
2022;kesäkuu;6;Oulun Vesi -liikelaitos;2555;3388;44;137;5977
2022;kesäkuu;6;Rakennusvalvonta;5780;580;234;142;6736
2022;kesäkuu;6;Sivistys- ja kulttuuripalvelut / kulttuuri;30063;19327;478;1061;44951
2022;kesäkuu;6;Sivistys- ja kulttuuripalvelut / liikunta;3121;2657;109;316;5489
2022;kesäkuu;6;Sivistys- ja kulttuuripalvelut / nuoriso;9030;5348;140;290;8547
2022;kesäkuu;6;Sivistys- ja kulttuuripalvelut / opetus;165787;98486;10332;4314;275405
2022;kesäkuu;6;Sivistys- ja kulttuuripalvelut / varhaiskasvatus;96849;56625;346;694;146938
2022;kesäkuu;6;Yhdyskunta- ja ympäristöpalvelut;16612;11870;271;700;29453
2019;heinäkuu;7;Business Oulu -liikelaitos;8567;3737;49;35;12388
2019;heinäkuu;7;Haukiputaan Kehitys Oy;318;29;1;0;348
2019;heinäkuu;7;Hyvinvointipalvelut;231420;25545;367;230;257545
2019;heinäkuu;7;Kiertokaari Oy;2426;391;15;25;2857
2019;heinäkuu;7;Konsernihallinto;8930;644;12;0;9586
2019;heinäkuu;7;Monetra Oulu Oy;50420;4477;42;15;53653
2019;heinäkuu;7;Nallikari Seaside Oy;5068;3213;0;0;8281
2019;heinäkuu;7;Oulu-Koillismaan pelastuslaitos;12319;10289;35;27;22670
2019;heinäkuu;7;Oulun Digi -liikelaitos;774;670;4;1;1449
2019;heinäkuu;7;Oulun Energia Oy;8480;5892;157;480;15009
2019;heinäkuu;7;Oulun Energia/Sähkönmyynti Oy;1716;2763;19;120;4618
2019;heinäkuu;7;Oulun Energia/Siirto ja Jakelu Oy;714;583;2;85;1384
2019;heinäkuu;7;Oulun Energia/Urakointi Oy;442;995;4;243;1684
2019;heinäkuu;7;Oulun Infra -liikelaitos;5358;4635;92;520;10193
2019;heinäkuu;7;Oulun kaupunginteatteri Oy;105;56;0;0;161
2019;heinäkuu;7;Oulun Palvelusäätiö;947;42;0;0;989
2019;heinäkuu;7;Oulun Satama Oy;409;115;0;0;524
2019;heinäkuu;7;Oulun seudun ympäristötoimi -liikelaitos;3437;1294;0;0;4731
2019;heinäkuu;7;Oulun Tilapalvelut -liikelaitos;8578;1480;29;11;9277
2019;heinäkuu;7;Oulun Tuotantokeittiö Oy;3230;3186;12;8;6436
2019;heinäkuu;7;Oulun Vesi -liikelaitos;3326;5927;67;219;9340
2019;heinäkuu;7;Rakennusvalvonta;2863;1237;145;188;4433
2019;heinäkuu;7;Sivistys- ja kulttuuripalvelut / kulttuuri;29137;15367;299;521;44546
2019;heinäkuu;7;Sivistys- ja kulttuuripalvelut / liikunta;2093;784;5;22;2901
2019;heinäkuu;7;Sivistys- ja kulttuuripalvelut / nuoriso;2057;916;20;43;2272
2019;heinäkuu;7;Sivistys- ja kulttuuripalvelut / opetus;44787;15631;414;285;59598
2019;heinäkuu;7;Sivistys- ja kulttuuripalvelut / varhaiskasvatus;21072;6567;58;68;27082
2019;heinäkuu;7;Työterveys Virta Oy;7679;968;2;43;8692
2019;heinäkuu;7;Yhdyskunta- ja ympäristöpalvelut;20373;10060;416;704;31553
2020;heinäkuu;7;Business Oulu -liikelaitos;3119;2225;4;41;5389
2020;heinäkuu;7;Hyvinvointipalvelut;278077;30536;696;304;309398
2020;heinäkuu;7;Kiertokaari Oy;2852;720;15;46;3633
2020;heinäkuu;7;Konsernihallinto;7334;9292;14;41;16681
2020;heinäkuu;7;Monetra Oulu Oy;8231;242;2;7;7990
2020;heinäkuu;7;Nallikari Seaside Oy;4133;3348;0;0;7481
2020;heinäkuu;7;Oulu-Koillismaan pelastuslaitos;14049;9947;42;53;24091
2020;heinäkuu;7;Oulun Digi -liikelaitos;126;0;0;0;126
2020;heinäkuu;7;Oulun Energia Oy;3959;4611;138;441;9149
2020;heinäkuu;7;Oulun Energia/Sähkönmyynti Oy;134;861;8;15;1018
2020;heinäkuu;7;Oulun Energia/Siirto ja Jakelu Oy;700;653;4;117;1474
2020;heinäkuu;7;Oulun Energia/Urakointi Oy;480;1293;21;236;2030
2020;heinäkuu;7;Oulun Infra -liikelaitos;5135;4558;147;618;8962
2020;heinäkuu;7;Oulun kaupunginteatteri Oy;18;36;0;0;54
2020;heinäkuu;7;Oulun Palvelusäätiö;846;18;0;0;864
2020;heinäkuu;7;Oulun Satama Oy;215;175;0;0;390
2020;heinäkuu;7;Oulun seudun ympäristötoimi -liikelaitos;4006;746;0;0;4752
2020;heinäkuu;7;Oulun Tilapalvelut -liikelaitos;5521;1228;112;44;3766
2020;heinäkuu;7;Oulun Tuotantokeittiö Oy;16194;4464;1;10;20669
2020;heinäkuu;7;Oulun Vesi -liikelaitos;2338;4331;50;126;6749
2020;heinäkuu;7;Rakennusvalvonta;1302;514;71;61;1948
2020;heinäkuu;7;Sivistys- ja kulttuuripalvelut / kulttuuri;17404;12990;299;455;29515
2020;heinäkuu;7;Sivistys- ja kulttuuripalvelut / liikunta;2649;807;24;71;3530
2020;heinäkuu;7;Sivistys- ja kulttuuripalvelut / nuoriso;1526;1452;1;15;1379
2020;heinäkuu;7;Sivistys- ja kulttuuripalvelut / opetus;32023;8833;580;1005;41527
2020;heinäkuu;7;Sivistys- ja kulttuuripalvelut / varhaiskasvatus;45795;24029;148;233;68792
2020;heinäkuu;7;Työterveys Virta Oy;7665;623;6;6;8300
2020;heinäkuu;7;Yhdyskunta- ja ympäristöpalvelut;11481;4358;113;286;16238
2021;heinäkuu;7;Business Oulu -liikelaitos;5203;4857;15;56;10131
2021;heinäkuu;7;Hyvinvointipalvelut;287908;34909;1098;180;323861
2021;heinäkuu;7;Kiertokaari Oy;2176;1141;36;51;3404
2021;heinäkuu;7;Konsernihallinto;971;162;0;0;1133
2021;heinäkuu;7;Monetra Oulu Oy;4542;158;1;1;4536
2021;heinäkuu;7;Nallikari Seaside Oy;7538;3135;0;0;10673
2021;heinäkuu;7;Oulu-Koillismaan pelastuslaitos;9756;7039;58;53;16906
2021;heinäkuu;7;Oulun Digi -liikelaitos;56;145;0;4;205
2021;heinäkuu;7;Oulun Energia Oy;3892;4466;119;459;8936
2021;heinäkuu;7;Oulun Infra -liikelaitos;4624;3111;113;382;6973
2021;heinäkuu;7;Oulun kaupunginteatteri Oy;16;17;0;3;36
2021;heinäkuu;7;Oulun Palvelusäätiö;768;41;0;0;809
2021;heinäkuu;7;Oulun Satama Oy;18;10;0;0;28
2021;heinäkuu;7;Oulun seudun ympäristötoimi -liikelaitos;4870;658;0;0;5528
2021;heinäkuu;7;Oulun Tilapalvelut -liikelaitos;5396;823;35;15;4461
2021;heinäkuu;7;Oulun Tuotantokeittiö Oy;21649;2819;11;22;24501
2021;heinäkuu;7;Oulun Vesi -liikelaitos;2293;4382;72;115;6716
2021;heinäkuu;7;Rakennusvalvonta;1075;361;90;49;1575
2021;heinäkuu;7;Sivistys- ja kulttuuripalvelut / kulttuuri;17132;11853;1070;511;30492
2021;heinäkuu;7;Sivistys- ja kulttuuripalvelut / liikunta;1347;301;11;8;1587
2021;heinäkuu;7;Sivistys- ja kulttuuripalvelut / nuoriso;1092;414;17;10;1457
2021;heinäkuu;7;Sivistys- ja kulttuuripalvelut / opetus;12640;6646;305;418;19749
2021;heinäkuu;7;Sivistys- ja kulttuuripalvelut / varhaiskasvatus;16129;8562;72;60;24759
2021;heinäkuu;7;Yhdyskunta- ja ympäristöpalvelut;10920;6289;339;155;17703
2022;heinäkuu;7;Business Oulu -liikelaitos;3411;4564;12;16;8003
2022;heinäkuu;7;Hyvinvointipalvelut;239652;35592;340;298;275931
2022;heinäkuu;7;Kiertokaari Oy;1908;500;16;41;2465
2022;heinäkuu;7;Konsernihallinto;3583;73;0;0;3452
2022;heinäkuu;7;Monetra Oulu Oy;4123;253;2;1;4001
2022;heinäkuu;7;Nallikari Seaside Oy;4636;7049;0;0;11685
2022;heinäkuu;7;Oulu-Koillismaan pelastuslaitos;5580;7900;66;23;13569
2022;heinäkuu;7;Oulun Digi -liikelaitos;1258;122;0;0;565
2022;heinäkuu;7;Oulun Infra -liikelaitos;2841;1371;127;216;4339
2022;heinäkuu;7;Oulun kaupunginteatteri Oy;75;177;0;3;255
2022;heinäkuu;7;Oulun kulttuurisäätiö sr;169;96;0;0;265
2022;heinäkuu;7;Oulun Palvelusäätiö;579;16;0;0;595
2022;heinäkuu;7;Oulun Satama Oy;54;9;0;0;63
2022;heinäkuu;7;Oulun seudun ympäristötoimi -liikelaitos;5234;588;0;0;5822
2022;heinäkuu;7;Oulun Tilapalvelut -liikelaitos;1591;639;27;46;1885
2022;heinäkuu;7;Oulun Tuotantokeittiö Oy;24020;2165;13;46;26244
2022;heinäkuu;7;Oulun Vesi -liikelaitos;1910;2483;69;91;4297
2022;heinäkuu;7;Rakennusvalvonta;902;333;49;37;1321
2022;heinäkuu;7;Sivistys- ja kulttuuripalvelut / kulttuuri;18276;14040;409;508;33135
2022;heinäkuu;7;Sivistys- ja kulttuuripalvelut / liikunta;843;513;7;8;1241
2022;heinäkuu;7;Sivistys- ja kulttuuripalvelut / nuoriso;1456;714;14;11;2092
2022;heinäkuu;7;Sivistys- ja kulttuuripalvelut / opetus;10375;6811;316;992;17965
2022;heinäkuu;7;Sivistys- ja kulttuuripalvelut / varhaiskasvatus;20970;9067;123;318;30365
2022;heinäkuu;7;Yhdyskunta- ja ympäristöpalvelut;8643;6439;321;292;15695
2019;elokuu;8;Business Oulu -liikelaitos;14027;7108;82;130;21347
2019;elokuu;8;Haukiputaan Kehitys Oy;974;154;17;8;1153
2019;elokuu;8;Hyvinvointipalvelut;346767;53277;1176;607;401148
2019;elokuu;8;Kiertokaari Oy;2876;859;63;100;3898
2019;elokuu;8;Konsernihallinto;27031;8233;27;117;35408
2019;elokuu;8;Monetra Oulu Oy;45913;4652;108;25;49930
2019;elokuu;8;Nallikari Seaside Oy;3162;2086;0;0;5248
2019;elokuu;8;Oulu-Koillismaan pelastuslaitos;14529;10460;53;40;25082
2019;elokuu;8;Oulun Digi -liikelaitos;1510;465;5;6;1986
2019;elokuu;8;Oulun Energia Oy;8616;8118;310;478;17522
2019;elokuu;8;Oulun Energia/Sähkönmyynti Oy;2509;3447;48;154;6158
2019;elokuu;8;Oulun Energia/Siirto ja Jakelu Oy;1006;754;40;101;1901
2019;elokuu;8;Oulun Energia/Urakointi Oy;478;2820;11;259;3568
2019;elokuu;8;Oulun Infra -liikelaitos;5676;3964;111;333;9670
2019;elokuu;8;Oulun kaupunginteatteri Oy;2444;1750;30;120;4344
2019;elokuu;8;Oulun Palvelusäätiö;1418;16;0;0;1434
2019;elokuu;8;Oulun Satama Oy;485;340;0;0;825
2019;elokuu;8;Oulun seudun ympäristötoimi -liikelaitos;3400;981;0;0;4381
2019;elokuu;8;Oulun Tilapalvelut -liikelaitos;16493;4971;32;53;16965
2019;elokuu;8;Oulun Tuotantokeittiö Oy;3882;5618;9;11;9520
2019;elokuu;8;Oulun Vesi -liikelaitos;4559;5876;88;182;10637
2019;elokuu;8;Rakennusvalvonta;5519;1782;290;198;7789
2019;elokuu;8;Sivistys- ja kulttuuripalvelut / kulttuuri;57915;40686;3058;1888;78330
2019;elokuu;8;Sivistys- ja kulttuuripalvelut / liikunta;7677;5705;62;135;12867
2019;elokuu;8;Sivistys- ja kulttuuripalvelut / nuoriso;29184;11470;1369;433;17204
2019;elokuu;8;Sivistys- ja kulttuuripalvelut / opetus;1251892;392376;42613;19264;1696348
2019;elokuu;8;Sivistys- ja kulttuuripalvelut / varhaiskasvatus;160886;79096;1827;1073;215940
2019;elokuu;8;Työterveys Virta Oy;14048;1951;10;5;16014
2019;elokuu;8;Yhdyskunta- ja ympäristöpalvelut;29851;20603;1064;1488;53006
2020;elokuu;8;Business Oulu -liikelaitos;8450;6294;11;57;14812
2020;elokuu;8;Hyvinvointipalvelut;348641;56964;861;197;405650
2020;elokuu;8;Kiertokaari Oy;2288;565;29;62;2944
2020;elokuu;8;Konsernihallinto;20313;10322;137;52;30824
2020;elokuu;8;Monetra Oulu Oy;11840;3069;5;11;14037
2020;elokuu;8;Nallikari Seaside Oy;3180;2470;0;0;5650
2020;elokuu;8;Oulu-Koillismaan pelastuslaitos;10675;11510;95;37;22317
2020;elokuu;8;Oulun Digi -liikelaitos;2756;243;0;0;2999
2020;elokuu;8;Oulun Energia Oy;7465;5934;193;826;14418
2020;elokuu;8;Oulun Energia/Siirto ja Jakelu Oy;816;1420;20;141;2397
2020;elokuu;8;Oulun Energia/Urakointi Oy;715;1647;16;569;2947
2020;elokuu;8;Oulun Infra -liikelaitos;5906;4580;201;491;9529
2020;elokuu;8;Oulun kaupunginteatteri Oy;2054;1531;94;35;3714
2020;elokuu;8;Oulun Palvelusäätiö;1229;62;0;0;1291
2020;elokuu;8;Oulun Satama Oy;474;97;0;0;571
2020;elokuu;8;Oulun seudun ympäristötoimi -liikelaitos;4170;720;0;0;4890
2020;elokuu;8;Oulun Tilapalvelut -liikelaitos;9175;4238;158;237;6106
2020;elokuu;8;Oulun Tuotantokeittiö Oy;25335;8815;10;20;34180
2020;elokuu;8;Oulun Vesi -liikelaitos;3554;4990;69;150;8499
2020;elokuu;8;Rakennusvalvonta;2334;2265;92;22;4713
2020;elokuu;8;Sivistys- ja kulttuuripalvelut / kulttuuri;39730;22352;2904;1097;49872
2020;elokuu;8;Sivistys- ja kulttuuripalvelut / liikunta;6089;6190;58;155;11557
2020;elokuu;8;Sivistys- ja kulttuuripalvelut / nuoriso;22694;11718;944;560;19311
2020;elokuu;8;Sivistys- ja kulttuuripalvelut / opetus;1060329;354523;42447;21474;1469938
2020;elokuu;8;Sivistys- ja kulttuuripalvelut / varhaiskasvatus;158841;74187;1271;941;213599
2020;elokuu;8;Työterveys Virta Oy;11469;1640;16;36;13161
2020;elokuu;8;Yhdyskunta- ja ympäristöpalvelut;16947;10108;469;1205;28729
2021;elokuu;8;Business Oulu -liikelaitos;9343;4722;35;92;14192
2021;elokuu;8;Hyvinvointipalvelut;366820;79454;641;198;445496
2021;elokuu;8;Kiertokaari Oy;2804;732;29;34;3599
2021;elokuu;8;Konsernihallinto;3947;983;56;1;4987
2021;elokuu;8;Monetra Oulu Oy;11805;2050;6;5;11694
2021;elokuu;8;Nallikari Seaside Oy;4229;2516;0;0;6745
2021;elokuu;8;Oulu-Koillismaan pelastuslaitos;19927;11311;38;7;31283
2021;elokuu;8;Oulun Digi -liikelaitos;861;1336;0;0;2197
2021;elokuu;8;Oulun Energia Oy;4983;4450;253;720;10406
2021;elokuu;8;Oulun Infra -liikelaitos;3644;3922;148;725;7667
2021;elokuu;8;Oulun kaupunginteatteri Oy;2751;1402;27;109;4289
2021;elokuu;8;Oulun Palvelusäätiö;465;75;0;0;540
2021;elokuu;8;Oulun Satama Oy;377;5;0;0;382
2021;elokuu;8;Oulun seudun ympäristötoimi -liikelaitos;5259;756;0;0;6015
2021;elokuu;8;Oulun Tilapalvelut -liikelaitos;7401;3619;62;65;5085
2021;elokuu;8;Oulun Tuotantokeittiö Oy;30579;4040;19;39;34677
2021;elokuu;8;Oulun Vesi -liikelaitos;3303;4775;72;153;8183
2021;elokuu;8;Rakennusvalvonta;4359;1735;203;155;6452
2021;elokuu;8;Sivistys- ja kulttuuripalvelut / kulttuuri;42535;26953;2128;991;54421
2021;elokuu;8;Sivistys- ja kulttuuripalvelut / liikunta;5805;3375;111;93;8121
2021;elokuu;8;Sivistys- ja kulttuuripalvelut / nuoriso;22463;9548;119;206;14116
2021;elokuu;8;Sivistys- ja kulttuuripalvelut / opetus;956726;402315;32560;22363;1401659
2021;elokuu;8;Sivistys- ja kulttuuripalvelut / varhaiskasvatus;148856;91776;658;879;219504
2021;elokuu;8;Yhdyskunta- ja ympäristöpalvelut;16704;11762;224;1477;30167
2022;elokuu;8;Business Oulu -liikelaitos;10321;5540;47;90;15998
2022;elokuu;8;Hyvinvointipalvelut;366089;77921;908;316;444285
2022;elokuu;8;Kiertokaari Oy;2814;619;14;30;3477
2022;elokuu;8;Konsernihallinto;8685;889;3;3;9362
2022;elokuu;8;Monetra Oulu Oy;7036;834;7;4;7036
2022;elokuu;8;Nallikari Seaside Oy;3255;4685;0;0;7940
2022;elokuu;8;Oulu-Koillismaan pelastuslaitos;7434;8176;97;15;15722
2022;elokuu;8;Oulun Digi -liikelaitos;11536;4476;33;31;11937
2022;elokuu;8;Oulun Infra -liikelaitos;5405;1343;289;116;6222
2022;elokuu;8;Oulun kaupunginteatteri Oy;2886;1697;19;55;4657
2022;elokuu;8;Oulun kulttuurisäätiö sr;704;1029;0;0;1733
2022;elokuu;8;Oulun Palvelusäätiö;475;36;0;0;511
2022;elokuu;8;Oulun Satama Oy;329;169;0;0;498
2022;elokuu;8;Oulun seudun ympäristötoimi -liikelaitos;5522;824;0;0;6346
2022;elokuu;8;Oulun Tilapalvelut -liikelaitos;4668;2092;87;143;4448
2022;elokuu;8;Oulun Tuotantokeittiö Oy;29826;2311;5;59;32201
2022;elokuu;8;Oulun Vesi -liikelaitos;3752;3645;66;149;7196
2022;elokuu;8;Rakennusvalvonta;4366;1133;284;170;5953
2022;elokuu;8;Sivistys- ja kulttuuripalvelut / kulttuuri;51597;30316;2306;1489;56950
2022;elokuu;8;Sivistys- ja kulttuuripalvelut / liikunta;4145;2797;29;116;6138
2022;elokuu;8;Sivistys- ja kulttuuripalvelut / nuoriso;26069;15491;309;195;13471
2022;elokuu;8;Sivistys- ja kulttuuripalvelut / opetus;969188;400182;40276;20290;1417838
2022;elokuu;8;Sivistys- ja kulttuuripalvelut / varhaiskasvatus;168676;126023;977;1319;260023
2022;elokuu;8;Yhdyskunta- ja ympäristöpalvelut;16238;10975;207;373;27793
2019;syyskuu;9;Business Oulu -liikelaitos;14842;7724;36;145;22747
2019;syyskuu;9;Haukiputaan Kehitys Oy;436;269;20;0;725
2019;syyskuu;9;Hyvinvointipalvelut;385783;81988;1041;401;468552
2019;syyskuu;9;Kiertokaari Oy;3351;917;37;80;4385
2019;syyskuu;9;Konsernihallinto;23455;12180;17;99;35751
2019;syyskuu;9;Monetra Oulu Oy;25324;2384;16;1;26542
2019;syyskuu;9;Nallikari Seaside Oy;2267;1507;0;0;3774
2019;syyskuu;9;Oulu-Koillismaan pelastuslaitos;18266;11079;13;20;29378
2019;syyskuu;9;Oulun Digi -liikelaitos;3015;603;37;14;3669
2019;syyskuu;9;Oulun Energia Oy;7020;6149;290;432;13891
2019;syyskuu;9;Oulun Energia/Sähkönmyynti Oy;2673;3809;10;190;6682
2019;syyskuu;9;Oulun Energia/Siirto ja Jakelu Oy;895;1022;13;112;2042
2019;syyskuu;9;Oulun Energia/Urakointi Oy;777;1202;40;318;2337
2019;syyskuu;9;Oulun Infra -liikelaitos;5198;3590;285;312;8999
2019;syyskuu;9;Oulun kaupunginteatteri Oy;2780;1583;26;54;4443
2019;syyskuu;9;Oulun Palvelusäätiö;1409;40;0;0;1449
2019;syyskuu;9;Oulun Satama Oy;847;1047;0;0;1894
2019;syyskuu;9;Oulun seudun ympäristötoimi -liikelaitos;3377;898;0;0;4275
2019;syyskuu;9;Oulun Tilapalvelut -liikelaitos;19133;4891;468;143;18574
2019;syyskuu;9;Oulun Tuotantokeittiö Oy;4088;5866;8;29;9991
2019;syyskuu;9;Oulun Vesi -liikelaitos;4389;6013;70;340;10625
2019;syyskuu;9;Rakennusvalvonta;4440;5762;277;2126;12605
2019;syyskuu;9;Sivistys- ja kulttuuripalvelut / kulttuuri;59079;38556;1742;1134;77259
2019;syyskuu;9;Sivistys- ja kulttuuripalvelut / liikunta;12999;6971;523;284;19150
2019;syyskuu;9;Sivistys- ja kulttuuripalvelut / nuoriso;31855;11810;598;246;20468
2019;syyskuu;9;Sivistys- ja kulttuuripalvelut / opetus;1405174;374710;52706;18086;1840187
2019;syyskuu;9;Sivistys- ja kulttuuripalvelut / varhaiskasvatus;163195;82672;927;814;219347
2019;syyskuu;9;Työterveys Virta Oy;18070;2859;0;0;20929
2019;syyskuu;9;Yhdyskunta- ja ympäristöpalvelut;30345;20313;735;1416;52809
2020;syyskuu;9;Business Oulu -liikelaitos;10853;6120;80;100;17153
2020;syyskuu;9;Hyvinvointipalvelut;408971;63537;1076;591;472438
2020;syyskuu;9;Kiertokaari Oy;2621;1063;44;123;3851
2020;syyskuu;9;Konsernihallinto;22607;8912;104;238;31861
2020;syyskuu;9;Monetra Oulu Oy;10108;595;0;0;10012
2020;syyskuu;9;Nallikari Seaside Oy;2227;2239;0;0;4466
2020;syyskuu;9;Oulu-Koillismaan pelastuslaitos;14657;13458;26;55;28196
2020;syyskuu;9;Oulun Digi -liikelaitos;2932;176;2;4;3114
2020;syyskuu;9;Oulun Energia Oy;6264;7422;122;654;14462
2020;syyskuu;9;Oulun Energia/Siirto ja Jakelu Oy;841;1844;16;122;2823
2020;syyskuu;9;Oulun Energia/Urakointi Oy;905;3176;142;340;4563
2020;syyskuu;9;Oulun Infra -liikelaitos;7357;5210;288;638;11653
2020;syyskuu;9;Oulun kaupunginteatteri Oy;3034;1202;12;171;4419
2020;syyskuu;9;Oulun Palvelusäätiö;1332;80;0;0;1412
2020;syyskuu;9;Oulun Satama Oy;163;250;0;0;413
2020;syyskuu;9;Oulun seudun ympäristötoimi -liikelaitos;3764;1114;0;0;4878
2020;syyskuu;9;Oulun Tilapalvelut -liikelaitos;12243;4521;173;109;7655
2020;syyskuu;9;Oulun Tuotantokeittiö Oy;30344;6715;58;33;37150
2020;syyskuu;9;Oulun Vesi -liikelaitos;4057;4090;64;141;8192
2020;syyskuu;9;Rakennusvalvonta;2556;1082;215;196;4049
2020;syyskuu;9;Sivistys- ja kulttuuripalvelut / kulttuuri;49734;27478;1677;1008;54833
2020;syyskuu;9;Sivistys- ja kulttuuripalvelut / liikunta;6684;5952;157;174;12091
2020;syyskuu;9;Sivistys- ja kulttuuripalvelut / nuoriso;30268;12047;667;371;18123
2020;syyskuu;9;Sivistys- ja kulttuuripalvelut / opetus;1318533;373859;58793;18470;1758126
2020;syyskuu;9;Sivistys- ja kulttuuripalvelut / varhaiskasvatus;154829;111471;1038;1087;238035
2020;syyskuu;9;Työterveys Virta Oy;18932;2731;39;2;21704
2020;syyskuu;9;Yhdyskunta- ja ympäristöpalvelut;23083;11845;765;1096;36789
2021;syyskuu;9;Business Oulu -liikelaitos;10958;5123;26;78;16185
2021;syyskuu;9;Hyvinvointipalvelut;421885;88676;753;312;509946
2021;syyskuu;9;Kiertokaari Oy;2038;957;22;17;3034
2021;syyskuu;9;Konsernihallinto;3794;1325;4;6;5129
2021;syyskuu;9;Monetra Oulu Oy;15752;1465;324;49;16869
2021;syyskuu;9;Nallikari Seaside Oy;2466;1664;0;0;4130
2021;syyskuu;9;Oulu-Koillismaan pelastuslaitos;12594;9472;47;30;22143
2021;syyskuu;9;Oulun Digi -liikelaitos;396;925;0;1;1322
2021;syyskuu;9;Oulun Energia Oy;4683;7750;177;855;13465
2021;syyskuu;9;Oulun Infra -liikelaitos;5313;4590;70;640;9436
2021;syyskuu;9;Oulun kaupunginteatteri Oy;3973;1100;75;71;5219
2021;syyskuu;9;Oulun Palvelusäätiö;932;186;0;0;1118
2021;syyskuu;9;Oulun Satama Oy;364;80;0;0;444
2021;syyskuu;9;Oulun seudun ympäristötoimi -liikelaitos;5419;938;0;0;6357
2021;syyskuu;9;Oulun Tilapalvelut -liikelaitos;12526;4386;206;69;9817
2021;syyskuu;9;Oulun Tuotantokeittiö Oy;30665;5949;31;24;36669
2021;syyskuu;9;Oulun Vesi -liikelaitos;3707;3950;129;147;7287
2021;syyskuu;9;Rakennusvalvonta;3673;1467;236;616;5992
2021;syyskuu;9;Sivistys- ja kulttuuripalvelut / kulttuuri;53348;25952;1500;1144;58640
2021;syyskuu;9;Sivistys- ja kulttuuripalvelut / liikunta;6854;5851;164;99;11162
2021;syyskuu;9;Sivistys- ja kulttuuripalvelut / nuoriso;29355;11204;350;222;17395
2021;syyskuu;9;Sivistys- ja kulttuuripalvelut / opetus;1183856;387574;50178;18157;1627974
2021;syyskuu;9;Sivistys- ja kulttuuripalvelut / varhaiskasvatus;156163;104992;1698;855;235616
2021;syyskuu;9;Yhdyskunta- ja ympäristöpalvelut;19133;10485;304;842;30764
2022;syyskuu;9;Business Oulu -liikelaitos;11152;7703;16;72;18943
2022;syyskuu;9;Hyvinvointipalvelut;385685;72995;991;193;458582
2022;syyskuu;9;Kiertokaari Oy;2419;799;7;28;3253
2022;syyskuu;9;Konsernihallinto;6523;761;12;5;7128
2022;syyskuu;9;Monetra Oulu Oy;6127;897;0;1;6271
2022;syyskuu;9;Nallikari Seaside Oy;2165;2887;0;0;5052
2022;syyskuu;9;Oulu-Koillismaan pelastuslaitos;7764;10289;24;83;18160
2022;syyskuu;9;Oulun Digi -liikelaitos;12202;4814;85;24;13835
2022;syyskuu;9;Oulun Infra -liikelaitos;3350;4404;120;591;7687
2022;syyskuu;9;Oulun kaupunginteatteri Oy;3506;1420;5;130;5061
2022;syyskuu;9;Oulun kulttuurisäätiö sr;544;825;0;0;1369
2022;syyskuu;9;Oulun Palvelusäätiö;562;10;0;0;572
2022;syyskuu;9;Oulun Satama Oy;350;145;0;0;495
2022;syyskuu;9;Oulun seudun ympäristötoimi -liikelaitos;5013;561;0;0;5574
2022;syyskuu;9;Oulun Tilapalvelut -liikelaitos;4587;2007;254;90;3562
2022;syyskuu;9;Oulun Tuotantokeittiö Oy;32095;1405;17;35;33552
2022;syyskuu;9;Oulun Vesi -liikelaitos;3952;3163;90;157;6590
2022;syyskuu;9;Rakennusvalvonta;3670;867;250;133;4920
2022;syyskuu;9;Sivistys- ja kulttuuripalvelut / kulttuuri;57392;28386;2321;1443;56037
2022;syyskuu;9;Sivistys- ja kulttuuripalvelut / liikunta;6247;5619;314;145;10434
2022;syyskuu;9;Sivistys- ja kulttuuripalvelut / nuoriso;35184;14707;443;261;16988
2022;syyskuu;9;Sivistys- ja kulttuuripalvelut / opetus;1216201;393232;52078;20274;1668808
2022;syyskuu;9;Sivistys- ja kulttuuripalvelut / varhaiskasvatus;164222;99993;886;918;224574
2022;syyskuu;9;Yhdyskunta- ja ympäristöpalvelut;16940;11453;430;638;29461
2019;lokakuu;10;Business Oulu -liikelaitos;18335;5079;60;76;23550
2019;lokakuu;10;Hyvinvointipalvelut;414265;63276;695;579;478117
2019;lokakuu;10;Kiertokaari Oy;2613;840;20;106;3579
2019;lokakuu;10;Konsernihallinto;27542;13332;54;208;41136
2019;lokakuu;10;Monetra Oulu Oy;20938;2808;26;10;22099
2019;lokakuu;10;Nallikari Seaside Oy;1656;698;0;0;2354
2019;lokakuu;10;Oulu-Koillismaan pelastuslaitos;16376;10507;24;21;26928
2019;lokakuu;10;Oulun Digi -liikelaitos;2495;684;19;28;3226
2019;lokakuu;10;Oulun Energia Oy;9454;8425;243;427;18549
2019;lokakuu;10;Oulun Energia/Sähkönmyynti Oy;2739;3646;21;270;6676
2019;lokakuu;10;Oulun Energia/Siirto ja Jakelu Oy;1526;1093;39;155;2813
2019;lokakuu;10;Oulun Energia/Urakointi Oy;897;1403;143;434;2877
2019;lokakuu;10;Oulun Infra -liikelaitos;7406;5096;176;622;11105
2019;lokakuu;10;Oulun kaupunginteatteri Oy;2612;2242;52;152;5058
2019;lokakuu;10;Oulun Palvelusäätiö;1499;40;0;0;1539
2019;lokakuu;10;Oulun Satama Oy;836;763;0;0;1599
2019;lokakuu;10;Oulun seudun ympäristötoimi -liikelaitos;3718;935;0;0;4653
2019;lokakuu;10;Oulun Tilapalvelut -liikelaitos;18677;4341;405;223;17151
2019;lokakuu;10;Oulun Tuotantokeittiö Oy;4361;5329;4;27;9721
2019;lokakuu;10;Oulun Vesi -liikelaitos;4358;5326;63;168;9653
2019;lokakuu;10;Rakennusvalvonta;4790;3437;340;1259;9826
2019;lokakuu;10;Sivistys- ja kulttuuripalvelut / kulttuuri;61240;40059;3032;1756;77872
2019;lokakuu;10;Sivistys- ja kulttuuripalvelut / liikunta;9617;5653;349;256;14438
2019;lokakuu;10;Sivistys- ja kulttuuripalvelut / nuoriso;36598;11614;441;502;20401
2019;lokakuu;10;Sivistys- ja kulttuuripalvelut / opetus;1236172;334186;56070;16040;1631134
2019;lokakuu;10;Sivistys- ja kulttuuripalvelut / varhaiskasvatus;149894;59480;700;867;181506
2019;lokakuu;10;Työterveys Virta Oy;20237;4260;39;13;24549
2019;lokakuu;10;Yhdyskunta- ja ympäristöpalvelut;31638;17763;841;2194;52436
2020;lokakuu;10;Business Oulu -liikelaitos;8305;2360;38;35;10738
2020;lokakuu;10;Hyvinvointipalvelut;399702;62590;1238;392;462646
2020;lokakuu;10;Kiertokaari Oy;2527;744;70;81;3422
2020;lokakuu;10;Konsernihallinto;19341;7544;45;142;27072
2020;lokakuu;10;Monetra Oulu Oy;8283;1999;0;2;8722
2020;lokakuu;10;Nallikari Seaside Oy;1423;781;0;0;2204
2020;lokakuu;10;Oulu-Koillismaan pelastuslaitos;12270;10918;57;150;23395
2020;lokakuu;10;Oulun Digi -liikelaitos;2174;345;9;14;2542
2020;lokakuu;10;Oulun Energia Oy;6357;4708;540;490;12095
2020;lokakuu;10;Oulun Energia/Siirto ja Jakelu Oy;439;717;36;84;1276
2020;lokakuu;10;Oulun Energia/Urakointi Oy;601;1615;9;367;2592
2020;lokakuu;10;Oulun Infra -liikelaitos;6061;5154;138;817;10389
2020;lokakuu;10;Oulun kaupunginteatteri Oy;2184;1204;81;59;3528
2020;lokakuu;10;Oulun Palvelusäätiö;1272;124;0;0;1396
2020;lokakuu;10;Oulun Satama Oy;375;106;0;0;481
2020;lokakuu;10;Oulun seudun ympäristötoimi -liikelaitos;3636;762;0;0;4398
2020;lokakuu;10;Oulun Tilapalvelut -liikelaitos;11757;3582;173;120;7918
2020;lokakuu;10;Oulun Tuotantokeittiö Oy;27797;7035;46;16;34894
2020;lokakuu;10;Oulun Vesi -liikelaitos;3597;3244;85;181;6983
2020;lokakuu;10;Rakennusvalvonta;2622;1191;191;118;4122
2020;lokakuu;10;Sivistys- ja kulttuuripalvelut / kulttuuri;47323;23987;1377;646;48529
2020;lokakuu;10;Sivistys- ja kulttuuripalvelut / liikunta;7016;3715;112;184;9836
2020;lokakuu;10;Sivistys- ja kulttuuripalvelut / nuoriso;30899;9082;431;175;15366
2020;lokakuu;10;Sivistys- ja kulttuuripalvelut / opetus;1077531;311673;50778;18805;1447571
2020;lokakuu;10;Sivistys- ja kulttuuripalvelut / varhaiskasvatus;136575;64240;715;744;173914
2020;lokakuu;10;Työterveys Virta Oy;17149;2764;15;14;19942
2020;lokakuu;10;Yhdyskunta- ja ympäristöpalvelut;19125;11393;512;864;31894
2021;lokakuu;10;Business Oulu -liikelaitos;9657;5742;82;136;15617
2021;lokakuu;10;Hyvinvointipalvelut;388454;81419;475;170;469362
2021;lokakuu;10;Kiertokaari Oy;1768;550;17;34;2369
2021;lokakuu;10;Konsernihallinto;3209;606;18;14;3847
2021;lokakuu;10;Monetra Oulu Oy;24580;6801;649;62;30836
2021;lokakuu;10;Nallikari Seaside Oy;1981;1626;0;0;3607
2021;lokakuu;10;Oulu-Koillismaan pelastuslaitos;14064;9945;28;379;24416
2021;lokakuu;10;Oulun Digi -liikelaitos;590;286;1;2;879
2021;lokakuu;10;Oulun Energia Oy;4685;5939;158;498;11280
2021;lokakuu;10;Oulun Infra -liikelaitos;3986;4137;74;739;8143
2021;lokakuu;10;Oulun kaupunginteatteri Oy;3120;1842;45;100;5107
2021;lokakuu;10;Oulun Palvelusäätiö;854;151;0;0;1005
2021;lokakuu;10;Oulun Satama Oy;210;109;0;0;319
2021;lokakuu;10;Oulun seudun ympäristötoimi -liikelaitos;5147;1024;0;0;6171
2021;lokakuu;10;Oulun Tilapalvelut -liikelaitos;5026;2835;153;127;4058
2021;lokakuu;10;Oulun Tuotantokeittiö Oy;23474;7207;30;28;30739
2021;lokakuu;10;Oulun Vesi -liikelaitos;3126;4330;93;143;7268
2021;lokakuu;10;Rakennusvalvonta;3237;997;157;84;4475
2021;lokakuu;10;Sivistys- ja kulttuuripalvelut / kulttuuri;46648;21569;1419;1302;47783
2021;lokakuu;10;Sivistys- ja kulttuuripalvelut / liikunta;4593;3486;123;138;6876
2021;lokakuu;10;Sivistys- ja kulttuuripalvelut / nuoriso;27906;10036;307;337;15500
2021;lokakuu;10;Sivistys- ja kulttuuripalvelut / opetus;871245;318208;39026;23290;1240883
2021;lokakuu;10;Sivistys- ja kulttuuripalvelut / varhaiskasvatus;116620;72178;685;910;165565
2021;lokakuu;10;Yhdyskunta- ja ympäristöpalvelut;20087;9884;249;487;30707
2022;lokakuu;10;Business Oulu -liikelaitos;7381;5667;6;30;13084
2022;lokakuu;10;Hyvinvointipalvelut;380502;74490;1069;271;453034
2022;lokakuu;10;Kiertokaari Oy;2496;1113;29;73;3711
2022;lokakuu;10;Konsernihallinto;3952;627;0;2;4405
2022;lokakuu;10;Monetra Oulu Oy;6258;1266;22;1;6456
2022;lokakuu;10;Nallikari Seaside Oy;1616;1917;0;0;3533
2022;lokakuu;10;Oulu-Koillismaan pelastuslaitos;8981;8561;83;74;17699
2022;lokakuu;10;Oulun Digi -liikelaitos;9707;2159;9;9;8432
2022;lokakuu;10;Oulun Infra -liikelaitos;3205;3938;92;745;7382
2022;lokakuu;10;Oulun kaupunginteatteri Oy;1890;1578;14;39;3521
2022;lokakuu;10;Oulun kulttuurisäätiö sr;361;479;0;0;840
2022;lokakuu;10;Oulun Palvelusäätiö;442;11;0;0;453
2022;lokakuu;10;Oulun Satama Oy;483;187;0;0;670
2022;lokakuu;10;Oulun seudun ympäristötoimi -liikelaitos;5210;856;0;0;6066
2022;lokakuu;10;Oulun Tilapalvelut -liikelaitos;3931;2807;124;84;4014
2022;lokakuu;10;Oulun Tuotantokeittiö Oy;28805;1352;20;70;30247
2022;lokakuu;10;Oulun Vesi -liikelaitos;2626;2951;46;85;5551
2022;lokakuu;10;Rakennusvalvonta;3288;1307;246;255;5096
2022;lokakuu;10;Sivistys- ja kulttuuripalvelut / kulttuuri;53643;25731;2836;1289;47768
2022;lokakuu;10;Sivistys- ja kulttuuripalvelut / liikunta;5380;3883;136;55;8079
2022;lokakuu;10;Sivistys- ja kulttuuripalvelut / nuoriso;31951;16338;183;151;13028
2022;lokakuu;10;Sivistys- ja kulttuuripalvelut / opetus;945640;320805;43017;19886;1312430
2022;lokakuu;10;Sivistys- ja kulttuuripalvelut / varhaiskasvatus;133104;84526;744;890;176912
2022;lokakuu;10;Yhdyskunta- ja ympäristöpalvelut;18433;12786;273;506;31998
2019;marraskuu;11;Business Oulu -liikelaitos;17398;5214;66;129;22807
2019;marraskuu;11;Hyvinvointipalvelut;383446;57294;641;656;441292
2019;marraskuu;11;Kiertokaari Oy;3169;770;9;35;3983
2019;marraskuu;11;Konsernihallinto;26707;12150;153;92;39102
2019;marraskuu;11;Monetra Oulu Oy;18009;3030;7;2;18850
2019;marraskuu;11;Nallikari Seaside Oy;1391;795;0;0;2186
2019;marraskuu;11;Oulu-Koillismaan pelastuslaitos;19466;16565;46;61;36138
2019;marraskuu;11;Oulun Digi -liikelaitos;1870;497;3;31;2401
2019;marraskuu;11;Oulun Energia Oy;10097;7610;257;422;18386
2019;marraskuu;11;Oulun Energia/Sähkönmyynti Oy;2646;3447;7;57;6157
2019;marraskuu;11;Oulun Energia/Siirto ja Jakelu Oy;1800;941;13;81;2835
2019;marraskuu;11;Oulun Energia/Urakointi Oy;760;1424;21;206;2411
2019;marraskuu;11;Oulun Infra -liikelaitos;8737;4340;271;745;11085
2019;marraskuu;11;Oulun kaupunginteatteri Oy;2770;2515;50;423;5758
2019;marraskuu;11;Oulun Palvelusäätiö;1325;58;0;0;1383
2019;marraskuu;11;Oulun Satama Oy;1561;791;0;0;2352
2019;marraskuu;11;Oulun seudun ympäristötoimi -liikelaitos;3000;2257;0;0;5257
2019;marraskuu;11;Oulun Tilapalvelut -liikelaitos;18549;7657;453;273;19117
2019;marraskuu;11;Oulun Tuotantokeittiö Oy;9801;984;3;4;10792
2019;marraskuu;11;Oulun Vesi -liikelaitos;4026;5084;56;217;9241
2019;marraskuu;11;Rakennusvalvonta;4979;1733;224;170;7106
2019;marraskuu;11;Sivistys- ja kulttuuripalvelut / kulttuuri;50596;34436;2313;1787;66073
2019;marraskuu;11;Sivistys- ja kulttuuripalvelut / liikunta;11803;4547;317;286;15774
2019;marraskuu;11;Sivistys- ja kulttuuripalvelut / nuoriso;30222;9909;333;335;17636
2019;marraskuu;11;Sivistys- ja kulttuuripalvelut / opetus;1380989;355955;68034;24791;1817704
2019;marraskuu;11;Sivistys- ja kulttuuripalvelut / varhaiskasvatus;153873;59996;897;818;190082
2019;marraskuu;11;Työterveys Virta Oy;19242;3650;17;3;22912
2019;marraskuu;11;Yhdyskunta- ja ympäristöpalvelut;30116;14881;958;1395;47350
2020;marraskuu;11;Business Oulu -liikelaitos;7141;2495;15;95;9746
2020;marraskuu;11;Hyvinvointipalvelut;392965;70191;1161;199;463893
2020;marraskuu;11;Kiertokaari Oy;2139;617;18;26;2800
2020;marraskuu;11;Konsernihallinto;13942;5253;20;93;19308
2020;marraskuu;11;Monetra Oulu Oy;7555;549;9;0;7359
2020;marraskuu;11;Nallikari Seaside Oy;1032;636;0;0;1668
2020;marraskuu;11;Oulu-Koillismaan pelastuslaitos;10638;9879;43;146;20706
2020;marraskuu;11;Oulun Digi -liikelaitos;3998;2233;1;2;6234
2020;marraskuu;11;Oulun Energia Oy;7293;5569;343;705;13910
2020;marraskuu;11;Oulun Energia/Siirto ja Jakelu Oy;515;752;12;115;1394
2020;marraskuu;11;Oulun Energia/Urakointi Oy;1633;1193;50;232;3108
2020;marraskuu;11;Oulun Infra -liikelaitos;5874;5055;118;575;10223
2020;marraskuu;11;Oulun kaupunginteatteri Oy;2200;1198;54;74;3526
2020;marraskuu;11;Oulun Palvelusäätiö;1040;58;0;0;1098
2020;marraskuu;11;Oulun Satama Oy;268;104;0;0;372
2020;marraskuu;11;Oulun seudun ympäristötoimi -liikelaitos;3950;900;0;0;4850
2020;marraskuu;11;Oulun Tilapalvelut -liikelaitos;10742;3897;170;239;7317
2020;marraskuu;11;Oulun Tuotantokeittiö Oy;23934;6183;26;39;30182
2020;marraskuu;11;Oulun Vesi -liikelaitos;3481;4058;64;184;7715
2020;marraskuu;11;Rakennusvalvonta;2555;1182;173;130;4040
2020;marraskuu;11;Sivistys- ja kulttuuripalvelut / kulttuuri;39931;20509;1514;1069;41898
2020;marraskuu;11;Sivistys- ja kulttuuripalvelut / liikunta;5436;3263;125;246;8067
2020;marraskuu;11;Sivistys- ja kulttuuripalvelut / nuoriso;26759;10489;455;474;16706
2020;marraskuu;11;Sivistys- ja kulttuuripalvelut / opetus;1209067;346447;62551;22766;1631044
2020;marraskuu;11;Sivistys- ja kulttuuripalvelut / varhaiskasvatus;135263;59849;787;977;170278
2020;marraskuu;11;Työterveys Virta Oy;17493;3776;4;12;21285
2020;marraskuu;11;Yhdyskunta- ja ympäristöpalvelut;15817;7731;345;941;24834
2022;marraskuu;11;Business Oulu -liikelaitos;7425;3497;14;144;11080
2022;marraskuu;11;Hyvinvointipalvelut;428872;80943;966;191;505648
2022;marraskuu;11;Kiertokaari Oy;2142;972;17;38;3169
2022;marraskuu;11;Konsernihallinto;13354;6803;187;192;6406
2022;marraskuu;11;Monetra Oulu Oy;7450;1529;10;2;7712
2022;marraskuu;11;Nallikari Seaside Oy;1720;1237;0;0;2957
2022;marraskuu;11;Oulu-Koillismaan pelastuslaitos;9728;11716;42;39;21525
2022;marraskuu;11;Oulun Digi -liikelaitos;12769;2884;206;73;11477
2022;marraskuu;11;Oulun Infra -liikelaitos;3680;3911;57;647;7570
2022;marraskuu;11;Oulun kaupunginteatteri Oy;3159;1472;16;72;4719
2022;marraskuu;11;Oulun kulttuurisäätiö sr;636;252;0;0;888
2022;marraskuu;11;Oulun Palvelusäätiö;597;56;0;0;653
2022;marraskuu;11;Oulun Satama Oy;307;467;0;0;774
2022;marraskuu;11;Oulun seudun ympäristötoimi -liikelaitos;4383;793;0;0;5176
2022;marraskuu;11;Oulun Tilapalvelut -liikelaitos;4536;1358;154;125;3815
2022;marraskuu;11;Oulun Tuotantokeittiö Oy;30548;1069;9;36;31662
2022;marraskuu;11;Oulun Vesi -liikelaitos;2764;3653;70;155;6532
2022;marraskuu;11;Rakennusvalvonta;3977;1889;299;370;6535
2022;marraskuu;11;Sivistys- ja kulttuuripalvelut / kulttuuri;62594;23707;3113;1618;46515
2022;marraskuu;11;Sivistys- ja kulttuuripalvelut / liikunta;7608;3737;203;205;9656
2022;marraskuu;11;Sivistys- ja kulttuuripalvelut / nuoriso;45130;13595;1469;775;16597
2022;marraskuu;11;Sivistys- ja kulttuuripalvelut / opetus;1267189;439444;65573;28997;1776801
2022;marraskuu;11;Sivistys- ja kulttuuripalvelut / varhaiskasvatus;161336;89425;2117;1445;198170
2022;marraskuu;11;Yhdyskunta- ja ympäristöpalvelut;19112;11864;386;439;31801
2019;joulukuu;12;Business Oulu -liikelaitos;13079;5364;114;56;18613
2019;joulukuu;12;Hyvinvointipalvelut;322942;40952;533;262;364059
2019;joulukuu;12;Kiertokaari Oy;2057;743;20;29;2849
2019;joulukuu;12;Konsernihallinto;20282;4358;21;43;24704
2019;joulukuu;12;Monetra Oulu Oy;13119;1007;0;0;13036
2019;joulukuu;12;Nallikari Seaside Oy;1326;879;0;0;2205
2019;joulukuu;12;Oulu-Koillismaan pelastuslaitos;15145;10902;13;7;26067
2019;joulukuu;12;Oulun Digi -liikelaitos;1197;556;1;19;1773
2019;joulukuu;12;Oulun Energia Oy;7903;5650;186;361;14100
2019;joulukuu;12;Oulun Energia/Sähkönmyynti Oy;2101;2261;6;38;4406
2019;joulukuu;12;Oulun Energia/Siirto ja Jakelu Oy;1118;891;42;58;2109
2019;joulukuu;12;Oulun Energia/Urakointi Oy;407;1061;22;153;1643
2019;joulukuu;12;Oulun Infra -liikelaitos;4727;2363;106;541;6035
2019;joulukuu;12;Oulun kaupunginteatteri Oy;1844;629;7;29;2509
2019;joulukuu;12;Oulun Palvelusäätiö;1097;73;0;0;1170
2019;joulukuu;12;Oulun Satama Oy;943;433;0;0;1376
2019;joulukuu;12;Oulun seudun ympäristötoimi -liikelaitos;2999;761;0;0;3760
2019;joulukuu;12;Oulun Tilapalvelut -liikelaitos;17135;3190;71;72;16236
2019;joulukuu;12;Oulun Tuotantokeittiö Oy;8925;764;2;7;9698
2019;joulukuu;12;Oulun Vesi -liikelaitos;3158;3902;42;139;7075
2019;joulukuu;12;Rakennusvalvonta;2989;1709;145;222;5065
2019;joulukuu;12;Sivistys- ja kulttuuripalvelut / kulttuuri;37711;18496;1162;697;44860
2019;joulukuu;12;Sivistys- ja kulttuuripalvelut / liikunta;6918;3436;31;42;10077
2019;joulukuu;12;Sivistys- ja kulttuuripalvelut / nuoriso;19644;6612;155;110;13444
2019;joulukuu;12;Sivistys- ja kulttuuripalvelut / opetus;746294;207582;26790;12099;985728
2019;joulukuu;12;Sivistys- ja kulttuuripalvelut / varhaiskasvatus;96240;35925;458;331;117170
2019;joulukuu;12;Työterveys Virta Oy;12790;1930;7;0;14727
2019;joulukuu;12;Yhdyskunta- ja ympäristöpalvelut;25310;13194;646;1537;40687
2020;joulukuu;12;Business Oulu -liikelaitos;5951;2095;13;22;8081
2020;joulukuu;12;Hyvinvointipalvelut;385157;53442;720;164;438975
2020;joulukuu;12;Kiertokaari Oy;1978;767;26;87;2858
2020;joulukuu;12;Konsernihallinto;11775;3658;3;5;15441
2020;joulukuu;12;Monetra Oulu Oy;5632;1156;1;1;5866
2020;joulukuu;12;Nallikari Seaside Oy;1173;629;0;0;1802
2020;joulukuu;12;Oulu-Koillismaan pelastuslaitos;11319;9760;65;35;21179
2020;joulukuu;12;Oulun Digi -liikelaitos;3581;1860;1;2;5444
2020;joulukuu;12;Oulun Energia Oy;11225;4688;194;561;16668
2020;joulukuu;12;Oulun Energia/Siirto ja Jakelu Oy;785;427;155;69;1436
2020;joulukuu;12;Oulun Energia/Urakointi Oy;513;1260;18;197;1988
2020;joulukuu;12;Oulun Infra -liikelaitos;4107;3453;97;392;6677
2020;joulukuu;12;Oulun kaupunginteatteri Oy;1694;995;11;63;2763
2020;joulukuu;12;Oulun Palvelusäätiö;939;75;0;0;1014
2020;joulukuu;12;Oulun Satama Oy;297;93;0;0;390
2020;joulukuu;12;Oulun seudun ympäristötoimi -liikelaitos;4045;1091;0;0;5136
2020;joulukuu;12;Oulun Tilapalvelut -liikelaitos;7509;2753;74;53;5387
2020;joulukuu;12;Oulun Tuotantokeittiö Oy;31953;1608;10;16;33587
2020;joulukuu;12;Oulun Vesi -liikelaitos;3378;4272;71;168;7797
2020;joulukuu;12;Rakennusvalvonta;2163;793;162;101;3219
2020;joulukuu;12;Sivistys- ja kulttuuripalvelut / kulttuuri;22962;12261;841;948;22690
2020;joulukuu;12;Sivistys- ja kulttuuripalvelut / liikunta;1306;728;37;77;1829
2020;joulukuu;12;Sivistys- ja kulttuuripalvelut / nuoriso;17380;6034;168;201;9560
2020;joulukuu;12;Sivistys- ja kulttuuripalvelut / opetus;646073;193330;23200;13239;868845
2020;joulukuu;12;Sivistys- ja kulttuuripalvelut / varhaiskasvatus;132077;50660;479;657;167053
2020;joulukuu;12;Työterveys Virta Oy;14619;2185;10;0;16814
2020;joulukuu;12;Yhdyskunta- ja ympäristöpalvelut;13463;6693;442;692;21290
2021;joulukuu;12;Business Oulu -liikelaitos;17370;7023;50;217;24660
2021;joulukuu;12;Hyvinvointipalvelut;784199;169904;2164;930;955610
2021;joulukuu;12;Kiertokaari Oy;3013;1864;20;45;4942
2021;joulukuu;12;Konsernihallinto;7481;1701;0;0;9182
2021;joulukuu;12;Monetra Oulu Oy;61276;9984;1894;517;71840
2021;joulukuu;12;Nallikari Seaside Oy;2304;2305;0;0;4609
2021;joulukuu;12;Oulu-Koillismaan pelastuslaitos;22603;19433;67;79;42182
2021;joulukuu;12;Oulun Digi -liikelaitos;1050;1094;1;9;2154
2021;joulukuu;12;Oulun Energia Oy;10964;11621;257;797;23639
2021;joulukuu;12;Oulun Infra -liikelaitos;5652;7198;82;1020;12964
2021;joulukuu;12;Oulun kaupunginteatteri Oy;4885;2803;109;120;7917
2021;joulukuu;12;Oulun Palvelusäätiö;1820;71;0;0;1891
2021;joulukuu;12;Oulun Satama Oy;1259;221;0;0;1480
2021;joulukuu;12;Oulun seudun ympäristötoimi -liikelaitos;9179;1469;0;0;10648
2021;joulukuu;12;Oulun Tilapalvelut -liikelaitos;6807;3299;218;97;6131
2021;joulukuu;12;Oulun Tuotantokeittiö Oy;49198;8939;90;120;58347
2021;joulukuu;12;Oulun Vesi -liikelaitos;6368;8271;131;357;14384
2021;joulukuu;12;Rakennusvalvonta;6834;1602;307;72;8815
2021;joulukuu;12;Sivistys- ja kulttuuripalvelut / kulttuuri;87268;40544;1866;2242;80373
2021;joulukuu;12;Sivistys- ja kulttuuripalvelut / liikunta;9137;4825;170;216;12627
2021;joulukuu;12;Sivistys- ja kulttuuripalvelut / nuoriso;57808;19966;749;588;27775
2021;joulukuu;12;Sivistys- ja kulttuuripalvelut / opetus;1874046;627552;85494;50203;2615878
2021;joulukuu;12;Sivistys- ja kulttuuripalvelut / varhaiskasvatus;263263;133683;1938;1645;331753
2021;joulukuu;12;Yhdyskunta- ja ympäristöpalvelut;34411;18879;753;793;54836
2022;joulukuu;12;Business Oulu -liikelaitos;6252;3602;15;91;9960
2022;joulukuu;12;Hyvinvointipalvelut;348134;62915;601;218;409523
2022;joulukuu;12;Kiertokaari Oy;2130;614;10;29;2783
2022;joulukuu;12;Konsernihallinto;10280;3346;86;78;7018
2022;joulukuu;12;Monetra Oulu Oy;5521;852;0;0;5561
2022;joulukuu;12;Nallikari Seaside Oy;1097;875;0;0;1972
2022;joulukuu;12;Oulu-Koillismaan pelastuslaitos;8108;8156;27;62;16353
2022;joulukuu;12;Oulun Digi -liikelaitos;13225;2314;339;44;11263
2022;joulukuu;12;Oulun Infra -liikelaitos;2977;2571;29;347;5319
2022;joulukuu;12;Oulun kaupunginteatteri Oy;2336;670;22;34;3062
2022;joulukuu;12;Oulun kulttuurisäätiö sr;539;174;0;0;713
2022;joulukuu;12;Oulun Palvelusäätiö;435;19;0;0;454
2022;joulukuu;12;Oulun Satama Oy;214;308;0;0;522
2022;joulukuu;12;Oulun seudun ympäristötoimi -liikelaitos;4435;434;0;0;4869
2022;joulukuu;12;Oulun Tilapalvelut -liikelaitos;2360;1099;22;30;2191
2022;joulukuu;12;Oulun Tuotantokeittiö Oy;28080;1672;5;28;29785
2022;joulukuu;12;Oulun Vesi -liikelaitos;2349;3617;29;96;6011
2022;joulukuu;12;Rakennusvalvonta;2866;886;138;71;3961
2022;joulukuu;12;Sivistys- ja kulttuuripalvelut / kulttuuri;34469;16746;702;1036;32890
2022;joulukuu;12;Sivistys- ja kulttuuripalvelut / liikunta;3837;2654;15;80;6000
2022;joulukuu;12;Sivistys- ja kulttuuripalvelut / nuoriso;20024;7348;219;172;7781
2022;joulukuu;12;Sivistys- ja kulttuuripalvelut / opetus;587440;219200;22648;12078;826249
2022;joulukuu;12;Sivistys- ja kulttuuripalvelut / varhaiskasvatus;100225;57043;670;814;134271
2022;joulukuu;12;Yhdyskunta- ja ympäristöpalvelut;13272;8091;214;454;22031
